FIPS,county_name,population,employment,doe_climate_zone,res_elec_CO2e,res_ng_CO2e,com_elec_CO2e,com_ng_CO2e,ind_elec_CO2e,ind_ng_CO2e,ORT_gas_CO2e,ORT_diesel_CO2e,egrid_primary_subregion,mortality_ast,perc_mortality_change_ast,mortality_resp,perc_mortality_change_resp,mortality_cwp,perc_mortality_change_cwp,coal_plant,com_elec_CO2e_capita,com_ng_CO2e_capita,ind_elec_CO2e_capita,ind_ng_CO2e_capita,ORT_diesel_CO2e_capita,ORT_gas_CO2e_capita,res_elec_CO2e_capita,res_ng_CO2e_capita,neighboring_plant
48001,Anderson County,57772,22236,2,116862,11087,93230,10110,45891,77440,259835,136839,ERCT,1.47,-27.82,79.5,107.36,0.01,-16.69,0,1.6137575295991138,0.174998269057675,0.7943467423665443,1.3404417364813404,2.3686041681091186,4.497593990168248,2.0228138198435226,0.19190957557294192,0
48003,Andrews County,17215,10342,3,37331,7157,21631,2298,141752,390275,146340,101485,ERCT,1.49,-37.82,99.3,103.92,0.02,-51.18,0,1.256520476328783,0.133488237002614,8.234214347952367,22.670636073191982,5.895149578855649,8.500726110949753,2.168515829218705,0.41574208539064766,0
48005,Angelina County,87657,59546,2,199792,24155,146150,20822,131920,129313,449446,212187,ERCT,1.15,-35.24,62.1,51.8,0.02,-26.76,0,1.6672941122785403,0.23753950055329295,1.504956820333801,1.4752158983309946,2.4206509463020636,5.127325826802195,2.279247521589833,0.2755627046328302,0
48007,Aransas County,24729,8425,2,67687,6182,47100,6188,10121,19733,120274,60610,ERCT,1.18,-39.71,62.7,66.72,0.02,-52.26,0,1.904646366614097,0.25023252052246353,0.4092765578875005,0.7979699947430142,2.4509684985240003,4.863682316308787,2.737150713736908,0.2499898904120668,0
48009,Archer County,8750,2284,3,24692,2568,13029,978,50566,68759,77780,50490,ERCT,0.91,-47.01,52.1,61.17,0.02,-5.8,0,1.4890285714285714,0.11177142857142858,5.778971428571428,7.858171428571429,5.7702857142857145,8.889142857142858,2.821942857142857,0.2934857142857143,0
48011,Armstrong County,1913,479,4,3921,1524,3105,365,4660,NA,65685,49571,ERCT,0.97,-44.08,70.2,85.61,0.03,-21.96,0,1.6231050705697856,0.1907997909043387,2.435964453737585,NA,25.91270256142185,34.336121275483535,2.0496602195504443,0.7966544694197596,1
48013,Atascosa County,47710,20723,2,107574,5043,69427,7723,29574,13777,306017,333183,ERCT,0.83,-55.36,49.8,29.12,0.01,-72.09,1,1.4551875916998531,0.1618738210018864,0.6198700482079229,0.28876545797526726,6.98350450639279,6.414106057430308,2.254747432404108,0.1057011108782226,1
48015,Austin County,29107,15011,2,85444,6490,39504,7024,52627,57896,270428,207478,ERCT,1.14,-46.99,50.3,47.76,0.01,-63.68,0,1.3571992991376645,0.24131652179888,1.8080530456591195,1.9890747930051191,7.128113512213557,9.290823513244236,2.935513793932731,0.22297041948672144,1
48017,Bailey County,7131,2944,4,16281,4041,20379,1317,32749,595,56373,34873,SPSO,1.1,-48.14,56.8,52.99,0.04,-15.29,0,2.8578039545645773,0.1846865797223391,4.592483522647595,0.08343850792315244,4.890337961015286,7.90534286916281,2.283129995793016,0.5666806899453092,1
48019,Bandera County,21015,6255,2,56945,2098,18881,2928,12360,9918,74908,53921,ERCT,0.88,-54.66,52.6,23.84,0.01,-51.86,0,0.8984534856055199,0.13932905067808707,0.5881513204853676,0.471948608137045,2.565833928146562,3.5645015465143945,2.709731144420652,0.09983345229597906,1
48021,Bastrop County,78286,28433,2,174061,14957,104595,17131,75858,71708,432755,258386,ERCT,1.63,-54.82,66.6,58.74,0.01,-54.54,0,1.3360626421071455,0.21882584370130037,0.9689855146514064,0.9159747592162072,3.300539049127558,5.5278721610505075,2.2233988197123367,0.1910558720588611,1
48023,Baylor County,3639,1867,3,10617,2518,11186,788,7717,238,42863,30314,ERCT,1.36,-37.81,79,102.43,0.02,3.2,0,3.073921406979939,0.2165430063204177,2.1206375377851057,0.06540258312723275,8.33031052486947,11.778785380599066,2.9175597691673536,0.6919483374553449,0
48025,Bee County,32706,9910,2,61648,5176,49722,6350,52845,433206,142903,89775,ERCT,1.12,-40.93,57.5,61.89,0.01,-55.5,0,1.5202715098147128,0.19415397786338895,1.6157585764079985,13.24545954870666,2.744909190974133,4.369320613954626,1.8849140830428668,0.1582584235308506,1
48027,Bell County,330859,184226,2,724737,49256,452091,56103,309395,91286,1741399,770606,ERCT,0.96,-49.49,54.9,52.43,0,-53.11,0,1.3664159052647804,0.16956770104485597,0.9351264435907743,0.27590605061370554,2.32910696097129,5.263266225189582,2.190470865232622,0.1488730849092816,1
48029,Bexar County,1858699,1482102,2,3815856,511299,5222475,784873,2070446,1758713,9214166,3484528,ERCT,0.83,-53.62,44.7,13.62,0,-71.84,1,2.8097475707470654,0.42227009322111864,1.1139221573799738,0.9462064594643887,1.8747134420366072,4.957320147049092,2.052971460144972,0.27508434663170317,1
48031,Blanco County,10918,3985,3,27423,1215,7348,2310,16144,11308,116867,78280,ERCT,0.88,-55.91,46.9,20.36,0.01,-54.22,0,0.6730170360871954,0.2115772119435794,1.4786590950723577,1.0357208279904744,7.169811320754717,10.704066678878917,2.511723758930207,0.11128411797032424,0
48033,Borden County,698,19,3,1847,107,617,30,4693,NA,23267,16957,ERCT,0.85,-51.69,55.9,43.26,0.01,-51.1,0,0.8839541547277937,0.04297994269340974,6.723495702005731,NA,24.293696275071632,33.33381088825215,2.646131805157593,0.15329512893982808,0
48035,Bosque County,17953,4862,2,47237,6021,31317,3137,41356,52328,92026,58019,ERCT,1.2,-35.39,68.9,111.21,0.01,-26.67,0,1.7443881245474293,0.17473402773909652,2.303570433910767,2.914721773519746,3.231716147719044,5.125939954325182,2.631147997549156,0.33537570322508775,1
48037,Bowie County,93483,65864,3,272766,32216,430686,30766,87677,59179,612010,438881,SPSO,1.41,-36.11,67.4,69.16,0.02,-31.59,0,4.607105035140079,0.329107966154274,0.937892451033878,0.6330455804798734,4.694768032690436,6.5467518158381734,2.917813934084272,0.34461880769765624,0
48039,Brazoria County,338419,174898,2,801629,102537,400805,78065,825810,6104725,1647881,742362,ERCT,0.97,-35.14,60.5,34.31,0.01,-59.06,0,1.1843454415975463,0.2306755826357267,2.440199870574643,18.038954668620853,2.193617970622217,4.869351307107461,2.368747026614936,0.3029883073940884,1
48041,Brazos County,209896,132146,2,418360,70450,408384,48186,210430,235131,982945,368051,SRMV,1.39,-33.67,50.6,49.95,0.01,-39.15,0,1.9456492739261348,0.2295708350802302,1.0025441170865572,1.12022620726455,1.7534922056637572,4.683009680984869,1.9931775736555248,0.33564241338567674,1
48043,Brewster County,9188,5270,3,19310,3267,24931,4149,10441,13410,108771,64398,ERCT,1.38,-60.86,53.5,10.32,0.03,6.15,0,2.7134305616020895,0.4515672616456247,1.1363735306922071,1.459512407488028,7.0089246843709185,11.83837614279495,2.1016543317370484,0.3555724858511101,0
48045,Briscoe County,1672,156,4,3552,1516,3785,331,7438,73,21810,13766,ERCT,1.14,-48.16,87.6,109.4,0.02,-29.19,0,2.263755980861244,0.19796650717703348,4.448564593301436,0.04366028708133971,8.233253588516746,13.04425837320574,2.124401913875598,0.9066985645933014,0
48047,Brooks County,7217,2759,2,13751,849,15279,758,7714,34232,103360,73673,ERCT,0.91,-49.56,33.4,8.98,0.01,-49.47,0,2.117084661216572,0.10502979077178884,1.0688651794374393,4.743245115699044,10.208258279063324,14.321740335319385,1.9053623389219896,0.11763890813357351,0
48049,Brown County,37935,25958,3,87353,14261,95969,7805,126607,110897,182325,103218,ERCT,1.67,-32.92,88.8,114.72,0.02,-10.01,0,2.5298273362330304,0.20574667193884277,3.3374719915645183,2.923342559641492,2.7209173586397783,4.806247528667457,2.302701990246474,0.3759325161460393,0
48051,Burleson County,17417,6131,2,38464,4700,19647,2766,52183,68052,135175,92711,SRMV,1.13,-50.85,52.1,53.04,0.04,-30.84,0,1.1280358270655106,0.15881035769650342,2.9960957685020384,3.90721708675432,5.323017741287248,7.761095481426193,2.2084170637882528,0.26985129471206293,1
48053,Burnet County,44584,22736,3,112240,7049,27522,7700,41653,44478,278528,153224,ERCT,1.17,-48.98,58.8,30.91,0.02,-49.99,0,0.6173066570967163,0.1727076978288175,0.93425892696931645,0.9976224654584605,3.436748609366589,6.247263592320115,2.5174950654943475,0.15810604701238112,0
48055,Caldwell County,39848,13745,2,86780,8353,54496,8073,89220,148137,265745,157094,ERCT,1.22,-55.35,50.8,30.89,0.01,-52.82,0,1.3675968680987751,0.20259486046978517,2.2390082312788597,3.7175516964464967,3.942330857257579,6.668967074884561,2.1777755470789,0.20962156193535433,1
48057,Calhoun County,21805,16666,2,50769,5344,40133,5044,299801,3365990,106648,59520,ERCT,1.2,-38.54,58.5,49.33,0.01,-50.68,0,1.8405411602843385,0.23132309103416648,13.74918596652144,154.36780554918596,2.729649163036001,4.890988305434534,2.3283191928456777,0.245081403347856,0
48059,Callahan County,13596,2896,3,33481,4447,31323,1916,50322,86203,156333,184848,ERCT,1.4,-31.24,74.4,103.2,0.02,-7.88,0,2.3038393645189763,0.14092380111797587,3.701235657546337,6.340320682553692,13.59576345984113,11.49845542806708,2.4625625183877613,0.3270814945572227,0
48061,Cameron County,418785,217160,2,750221,49622,817899,140696,115675,30258,1623122,635634,ERCT,0.7,-53.49,31.2,-20.26,0.02,-67.85,0,1.9530284035961176,0.3359623673245221,0.2762157192831644,0.0722518714853684,1.5178050789784734,3.875788292321835,1.791422806451998,0.11849039483267072,0
48063,Camp County,12631,4791,3,39409,3342,33511,2490,9318,332,53721,31853,SPSO,1.55,-40.12,78.9,95.74,0.03,-2.85,0,2.653075765972607,0.19713403530995172,0.7377088116538675,0.02628453804132689,2.521811416356583,4.2531074340907296,3.1200221676826856,0.26458712690998337,1
48065,Carson County,6027,1468,4,16218,5229,10313,1031,36701,24508,134467,164339,SPSO,0.97,-42.94,84.5,99.69,0.05,-24.86,0,1.7111332337813174,0.17106354737016757,6.0894308943089435,4.0663680106188815,27.267131242741,22.310768209722912,2.690890990542558,0.867595818815331,1
48067,Cass County,30346,11502,3,100913,9316,68493,5692,46985,204015,178188,102157,SPSO,1.29,-39.19,60.9,68.18,0.02,-9.11,0,2.257068476899756,0.18757002570355236,1.548309497133065,6.722961840110723,3.366407434258222,5.871877677453371,3.3254135635668622,0.3069926843735583,0
48069,Castro County,7875,1889,4,16484,5672,16020,1248,65209,23118,73839,47355,SPSO,0.98,-52.32,62.9,68.16,0.02,-32.27,0,2.0342857142857143,0.15847619047619046,8.280507936507936,2.935619047619048,6.013333333333334,9.376380952380952,2.093206349206349,0.7202539682539683,1
48071,Chambers County,38072,24214,2,90077,8913,62140,11872,110486,1628956,466881,534472,SRMV,0.94,-51.84,71.5,49.81,0.02,-46.03,0,1.6321706240806892,0.3118302164320235,2.902027736919521,42.786194578693,14.038453456608533,12.26310674511452,2.365964488337886,0.2341090565244799,0
48073,Cherokee County,51257,21718,2,118049,18548,76325,9647,105848,43122,260846,142516,ERCT,1.27,-38.57,64.6,66.3,0.01,-39.2,0,1.4890649082076597,0.18820843982285343,2.065044774372281,0.8412899701504185,2.7804202352849368,5.088982968179956,2.3030805548510447,0.361862769963127,1
48075,Childress County,7059,2638,3,11882,4523,13097,1268,11237,9483,86576,57390,ERCT,1.34,-32.92,86.4,115.77,0.01,-57.72,0,1.8553619492846012,0.17962884261226802,1.591868536619918,1.3433914152146196,8.13004674883128,12.264626717665392,1.6832412523020257,0.640742314775464,0
48077,Clay County,10367,1280,3,29382,3822,10165,1284,21939,19518,139466,97297,ERCT,1.04,-38.88,62.3,81.83,0.02,-6.43,0,0.9805150959776212,0.12385453843927847,2.1162342046879523,1.8827047361821163,9.385260924086042,13.45287932863895,2.8341853959679755,0.3686698176907494,0
48079,Cochran County,2955,430,4,6290,2101,14745,457,27666,18893,41696,25242,SPSO,1.37,-46.63,77.9,85.77,0.03,-14.39,0,4.98984771573604,0.15465313028764804,9.36243654822335,6.3935702199661595,8.542131979695432,14.110321489001691,2.1285956006768187,0.7109983079526226,1
48081,Coke County,3228,495,3,10333,1832,7400,310,13742,60611,52531,38938,ERCT,1.41,-36.2,81,86.47,0.02,-24.84,0,2.292441140024783,0.09603469640644362,4.257125154894672,18.776641883519208,12.062577447335812,16.27354399008674,3.2010532837670382,0.5675340768277571,0
48083,Coleman County,8476,2871,3,19723,4500,18155,1700,22177,28826,94285,67636,ERCT,1.55,-41.54,71.6,76.99,0.02,-9.21,0,2.141930155733837,0.2005663048607834,2.6164464369985843,3.400896649362907,7.979707409155262,11.123761208117037,2.326923076923077,0.5309108069844266,0
48085,Collin County,886633,777684,3,2159049,542312,2247392,212176,694307,605130,5012421,1425283,ERCT,0.73,-53.25,40.8,1.95,0.02,-40.43,0,2.534748875803179,0.2393053270067773,0.7830827411115986,0.6825033582102178,1.6075230676051986,5.653321047152542,2.435110130121482,0.6116532996177675,0
48087,Collingsworth County,3032,828,3,6431,2360,9216,509,9120,225,24558,16032,ERCT,1.26,-37.09,78.1,160.72,0.01,-36.34,0,3.0395778364116093,0.16787598944591028,3.0079155672823217,0.07420844327176782,5.287598944591029,8.099604221635884,2.121042216358839,0.7783641160949868,0
48089,Colorado County,20792,11834,2,54785,5324,42243,6078,73234,311612,311148,379431,ERCT,1.57,-47.23,46.5,45.37,0.01,-57.84,0,2.031694882647172,0.29232397075798383,3.5222200846479415,14.98711042708734,18.248893805309734,14.964794151596768,2.6349076567910736,0.2560600230858022,1
48091,Comal County,124234,93287,2,322052,18398,236190,46516,198354,112775,932182,494727,ERCT,0.95,-45.32,46.8,47.33,0.01,-57.54,0,1.9011703720398605,0.37442246084002767,1.596616063235507,0.9077627702561296,3.9822190382664977,7.503437062317884,2.5923016243540418,0.14809150474105318,1
48093,Comanche County,13506,4556,3,34014,4855,43864,2350,28670,13876,82272,56596,ERCT,1.06,-42.54,60.3,69.81,0.02,-29.17,0,3.247741744409892,0.1739967421886569,2.122760254701614,1.0273952317488524,4.190433881237968,6.091514882274545,2.518436250555309,0.35946986524507624,0
48095,Concho County,4142,1039,3,4781,904,5183,413,7157,300,60219,44420,ERCT,1.28,-44.19,60.8,48.5,0.02,-20.89,0,1.2513278609367455,0.09971028488652824,1.7279092225977788,0.07242877836793819,10.72428778367938,14.538628681796231,1.1542732979237085,0.21825205214872043,0
48097,Cooke County,38878,25368,3,103271,14600,75915,8945,129828,168680,357400,212737,ERCT,1.03,-47.03,52.5,43.1,0.01,-43.21,0,1.9526467410875048,0.2300787077524564,3.3393693091208396,4.338700550439837,5.471912135397911,9.192859715005916,2.6562837594526467,0.37553372087041514,0
48099,Coryell County,75710,19463,2,143474,15320,65156,10164,20320,762,255693,128534,ERCT,1.41,-40.04,73.9,90.24,0.01,-13.73,0,0.860599656584335,0.13424910844010038,0.26839255052172767,0.01006472064456478,1.6977149649980188,3.37726852463347,1.8950468894465724,0.20235107647602696,1
48101,Cottle County,1560,190,3,3655,1145,3324,132,3366,5,25212,17781,ERCT,1.22,-39.66,59.4,76.63,0.02,-21.5,0,2.1307692307692307,0.08461538461538462,2.1576923076923076,0.0032051282051282,11.398076923076925,16.161538461538463,2.342948717948718,0.7339743589743589,0
48103,Crane County,4823,1862,3,10181,2279,12046,1098,15676,186810,51694,39984,ERCT,1.57,-39.49,89.6,72.74,0.02,-38.15,0,2.4976155919552148,0.22765913331951068,3.2502591747874767,38.73315363881402,8.290275761973875,10.71822517105536,2.1109268090400164,0.4725274725274725,0
48105,Crockett County,3836,2243,3,8374,1869,13894,NA,39532,169785,122517,153008,ERCT,1.31,-45.5,64.6,24.49,0.01,-42.2,0,3.622002085505735,NA,10.305526590198124,44.26094890510949,39.887382690302395,31.93873826903024,2.1830031282586027,0.4872262773722627,0
48107,Crosby County,5987,1171,3,13280,4076,33956,8077,43733,28239,56180,36273,SPSO,1.14,-44.87,67,86.28,0.02,-26.06,0,5.671621847335895,1.3490896943377315,7.304660096876566,4.716719559044597,6.058627025221313,9.383664606647736,2.2181393018206115,0.680808418239519,0
48109,Culberson County,2259,1083,3,4255,1126,4587,NA,1867,148,156960,195227,ERCT,1.22,-61.26,53.2,5.66,0.1,33.61,0,2.0305444887118194,NA,0.8264718902169101,0.06551571491810536,86.42186808322266,69.4820717131474,1.883576803895529,0.4984506418769367,0
48111,Dallam County,7052,3485,4,15040,5047,25818,1740,17632,27952,74644,51230,SPSO,1.27,-51.4,97.2,83.26,0.05,-21.61,0,3.661089052750993,0.24673851389676688,2.500283607487238,3.9636982416335793,7.26460578559274,10.58479863868406,2.1327283040272262,0.7156834940442428,0
48113,Dallas County,2513054,2912184,3,5432168,1215458,10368980,1243708,3994844,4691216,15777162,5063805,ERCT,1.27,-50.54,47.9,9.6,0.01,-62.48,0,4.126047430735671,0.4948990351978111,1.5896371506541442,1.866739035452481,2.0150004735274294,6.2780831609666965,2.161580292345489,0.4836577327825029,0
48115,Dawson County,13317,4891,3,27554,8306,21466,2303,24293,1488,108254,69734,ERCT,1.59,-37.98,61.6,47,0.01,-37.07,0,1.6119246076443643,0.17293684763835698,1.824209656829616,0.11173687767515206,5.236464669219794,8.129008034842682,2.069084628670121,0.6237140497108958,0
48117,Deaf Smith County,19039,10866,4,39763,14075,50809,4043,78069,185399,102073,64189,SPSO,1.09,-46.28,64.1,61.98,0.02,-33.3,0,2.6686800777351753,0.21235358999947476,4.100477966279741,9.737853878880191,3.371448080256316,5.36125846945743,2.0885025474026997,0.7392720205893166,1
48119,Delta County,5226,1542,3,12910,2133,19519,825,5525,NA,29742,20167,ERCT,1.33,-37.71,66.3,71.28,0.03,-38.04,0,3.7349789513968616,0.15786452353616534,1.0572139303482586,NA,3.858974358974359,5.691159586681975,2.4703406046689627,0.4081515499425947,0
48121,Denton County,754650,423766,3,1820340,388314,1810253,163442,338857,354860,3556180,1208763,ERCT,0.8,-50.47,61.6,34.42,0.01,-48.5,0,2.3987981183330023,0.2165798714635924,0.44902537600212017,0.4702312330219307,1.60175313059034,4.712356721659047,2.41216457960644,0.5145617173524151,0
48123,DeWitt County,20660,10465,2,47561,4710,47883,7550,55808,29801,135297,87163,ERCT,1.23,-48.17,42.2,43.93,0.01,-64.84,0,2.3176669893514035,0.3654404646660213,2.7012584704743468,1.4424491771539203,4.21892545982575,6.548741529525653,2.302081316553727,0.22797676669893513,1
48125,Dickens County,2237,392,3,4298,964,4193,354,6833,NA,26485,19314,ERCT,1.2,-47.51,72.9,73.24,0.02,-44.16,0,1.874385337505588,0.15824765310683953,3.0545373267769333,NA,8.633884666964684,11.839517210549843,1.9213232007152437,0.4309342869915065,0
48127,Dimmit County,10842,8977,2,22114,4729,21773,731,28621,58978,119799,83245,ERCT,0.68,-59.85,34.8,11.3,0.01,-65.7,0,2.0082088175613357,0.06742298468917174,2.639826600258255,5.439771259915145,7.678011437004243,11.049529607083564,2.0396605792289244,0.4361741376129865,0
48129,Donley County,3506,814,4,7431,2190,7707,378,4784,127,118301,101044,ERCT,1.3,-35.13,91.2,145.92,0.03,-21.86,0,2.1982316029663433,0.10781517398745008,1.3645179691956646,0.03622361665715915,28.82030804335425,33.74244152880776,2.1195094124358245,0.6246434683399886,0
48131,Duval County,11510,3893,2,25648,1396,23243,1113,43185,82317,83336,55799,ERCT,0.93,-50.44,41.6,30.25,0.01,-53.39,0,2.0193744569939183,0.09669852302345788,3.7519548218940058,7.151781059947871,4.847871416159861,7.24031277150304,2.228323197219809,0.1212858384013901,0
48133,Eastland County,18252,10921,3,40382,7528,92735,4692,102897,148846,199264,231857,ERCT,1.37,-33.92,90,137.71,0.03,7.67,0,5.080813061582292,0.25706771860618016,5.637573964497041,8.155051501205348,12.703101030024106,10.917378917378915,2.2124698663160203,0.4124479509094894,0
48135,Ector County,153177,114930,3,341657,65135,297045,30533,264417,727347,649889,436585,ERCT,1.92,-30.54,105,87.87,0.02,-51.26,0,1.9392271685696936,0.19933149232587136,1.7262186881842574,4.748408703656554,2.8501994424750454,4.242732263982191,2.230471937692996,0.42522702494499826,0
48137,Edwards County,2028,327,2,4174,515,2620,275,2553,127,35067,24368,ERCT,0.89,-58.65,41.5,2.25,0.01,-35.29,0,1.291913214990138,0.13560157790927022,1.2588757396449703,0.0626232741617357,12.01577909270217,17.291420118343197,2.0581854043392505,0.2539447731755424,0
48139,Ellis County,160225,84126,3,402273,44344,261230,34983,732139,308450,1201150,664016,ERCT,1.35,-40.21,62,53.16,0.01,-51.39,0,1.630394757372445,0.2183367139959432,4.569442970822281,1.925105320642846,4.144272117334998,7.496645342487128,2.5106756124200342,0.2767608051178031,0
48141,El Paso County,833592,470206,3,954038,363600,1467571,386719,1499687,570774,3644779,1380643,AZNM,0.93,-63.54,40.3,-12.91,0.01,-48.75,0,1.7605387287785872,0.4639187996046027,1.799065969922936,0.6847162640716322,1.6562574976727225,4.372377613988618,1.1444903501952994,0.4361846082975844,0
48143,Erath County,40641,23718,3,84841,9797,65306,8353,119605,34918,202644,150052,ERCT,1.17,-41.53,62.2,66.88,0.01,-32.74,0,1.606899436529613,0.20553135995669397,2.942964001870033,0.8591816146256244,3.692133559705716,4.986196205802022,2.0875716640830686,0.24106198174257523,0
48145,Falls County,17265,3373,2,34879,6292,17761,2814,26500,11577,127184,104970,ERCT,1.58,-45.64,54.7,48.21,0.01,-28.98,0,1.0287286417607877,0.1629887054735013,1.5348971908485376,0.6705473501303214,6.0799304952215465,7.3665797856936,2.0202143064002316,0.36443672169128294,1
48147,Fannin County,33757,9928,3,81855,10786,36164,4894,38349,10782,140912,73165,ERCT,1.18,-38.02,76.1,71.75,0.02,-39.82,0,1.0713037295968244,0.14497733803359303,1.1360310454128033,0.3194004206534941,2.167402316556566,4.174304588677904,2.4248304055455163,0.3195189145954913,0
48149,Fayette County,24909,14692,2,57878,5287,45848,8524,121163,178664,305130,312029,ERCT,1.04,-55.85,37.9,26.54,0.01,-71.65,1,1.8406198562768477,0.3422056284876952,4.864225781845919,7.172668513388735,12.526757396924806,12.24978923280742,2.3235778232767275,0.21225259946204184,0
48151,Fisher County,3847,922,3,10214,1973,11474,732,15558,39656,44737,30832,ERCT,1.29,-37.82,61.6,65.47,0.01,-30.94,0,2.9825838315570574,0.19027813880946193,4.044190278138809,10.30829217572134,8.014556797504548,11.629061606446582,2.655055887704705,0.512867169222771,0
48153,Floyd County,6088,1836,4,16204,4876,17221,1257,29354,29,53422,33099,SPSO,1.21,-35.91,68,110.32,0.02,-39.96,0,2.8286793692509855,0.20647174770039425,4.82161629434954,0.0047634691195795,5.436760840998686,8.77496714848883,2.661629434954008,0.8009198423127464,0
48155,Foard County,1320,177,3,2838,791,2969,308,1885,6,14212,10350,ERCT,1.15,-44.15,55.6,69.87,0.02,-14.88,0,2.249242424242424,0.23333333333333336,1.428030303030303,0.00454545454545454,7.840909090909091,10.766666666666667,2.15,0.5992424242424242,0
48157,Fort Bend County,683756,320096,2,1564713,283158,825905,161536,668386,712615,2686367,1184074,ERCT,0.92,-44.87,31.9,-9.28,0.01,-40.25,1,1.2078943365762056,0.23624801829892536,0.977521221020364,1.04220657661505,1.731720087282598,3.928838650044753,2.288408438097801,0.4141214117316704,0
48159,Franklin County,10571,10212,3,34969,3196,43854,1647,15422,383,89277,96381,SPSO,1.18,-42.33,57.1,56.84,0.02,-36.81,0,4.148519534575726,0.15580361366001325,1.4588969823100937,0.03623119856210387,9.117491249645257,8.445464005297511,3.308012486992716,0.30233658121275186,1
48161,Freestone County,19585,6825,2,49789,6159,55140,3718,30612,90506,236964,257153,ERCT,1.49,-32.43,72.9,118.57,0.02,-11.81,0,2.815419964258361,0.1898391626244575,1.563032933367373,4.621189685984172,13.130099565994383,12.099259637477662,2.5422006637732957,0.3144753637988256,1
48163,Frio County,18542,10663,2,32201,5253,21658,448,42585,95683,226387,254568,ERCT,0.87,-53.25,38.2,11.21,0.01,-63.69,0,1.1680509114442887,0.02416136339121993,2.2966778125337073,5.160338690540395,13.729263294143026,12.20941645992881,1.7366519253586452,0.2833027720849962,1
48165,Gaines County,19485,7818,3,47675,7435,44158,2443,123914,526799,150615,112358,SPSO,1.26,-50.12,59.7,44.11,0.04,16.22,0,2.266256094431614,0.12537849627918912,6.359455991788555,27.03613035668463,5.766384398255068,7.7297921478060045,2.4467539132666154,0.3815755709520144,0
48167,Galveston County,314485,171538,2,780812,112181,441760,90517,1102386,1420292,1445303,542118,ERCT,1.26,-36.49,54.5,43.23,0.04,-37.02,0,1.404709286611444,0.2878261284321987,3.50536909550535,4.5162471977995775,1.7238278455252238,4.595777223079002,2.4828274798480057,0.35671335675787397,0
48169,Garza County,6614,2205,3,11178,2883,19054,1412,39344,57596,103153,77157,SPSO,1.3,-43.95,85.6,95.7,0.01,-44.19,0,2.880858784396734,0.213486543695192,5.948593891744784,8.708194738433626,11.66570910190505,15.596159661324464,1.6900514061082552,0.4358935591170245,0
48171,Gillespie County,25732,18484,3,56155,7584,48048,9000,38616,31280,145141,102280,ERCT,0.81,-54.96,38.3,13.43,0.01,-53.85,0,1.867247007616975,0.3497590548733095,1.5006995181097469,1.2156070262707912,3.974817348049122,5.640486553707446,2.1823021918234105,0.2947302969065755,0
48173,Glasscock County,1253,251,3,3304,308,1731,NA,19853,197559,58870,45447,ERCT,0.78,-54.22,51.4,47.25,0.01,-30.73,0,1.3814844373503592,NA,15.84437350359138,157.66879489225855,36.270550678371904,46.98324022346369,2.636871508379888,0.24581005586592175,0
48175,Goliad County,7463,1352,2,19179,1150,11159,1819,22071,76837,61975,45944,ERCT,0.91,-53.98,41.3,42.13,0.01,-66.82,1,1.495243199785609,0.2437357630979499,2.9573897896288357,10.29572557952566,6.156237438027603,8.304301219348787,2.569878065121265,0.15409352807182097,0
48177,Gonzales County,20370,9972,2,43736,3416,37466,5140,88310,84705,269256,286580,ERCT,1.39,-51.98,51.3,37.8,0.03,-52.74,0,1.839273441335297,0.25233186057928325,4.335297005400098,4.158321060382916,14.06872852233677,13.218262150220912,2.147079037800687,0.1676975945017182,1
48179,Gray County,23028,11839,4,52860,19503,90421,6770,224837,377504,125470,113245,SPSO,1.45,-28.49,109,173.99,0.02,-43.75,0,3.926567656765677,0.2939899253083203,9.763635574083724,16.393260378669446,4.917708876150773,5.448584332117422,2.2954663887441376,0.8469254820218864,0
48181,Grayson County,124231,76692,3,312784,57196,254737,30675,576876,239638,812184,322316,ERCT,1.08,-38.52,80.7,103.72,0.02,-33.91,0,2.050510742085309,0.24691904597081243,4.643575275092369,1.928971029775177,2.5944892981622942,6.537691880448519,2.5177612673165313,0.460400383157183,0
48183,Gregg County,123283,129894,3,333162,42926,559991,38062,871819,2509773,758759,376176,SPSO,1.56,-30.74,75.7,63.01,0.03,-45.2,0,4.542321325730231,0.3087368088057559,7.071688716205803,20.35781900180885,3.0513209444935634,6.15461174695619,2.702416391554391,0.34819074811612305,1
48185,Grimes County,27140,10485,2,65614,4807,26828,3854,69779,46325,205949,141248,ERCT,1.29,-53.99,61.9,57.77,0.02,-25.9,0,0.9885040530582166,0.14200442151805454,2.571075902726603,1.7068901989683125,5.204421518054532,7.588393515106853,2.4176123802505525,0.17711864406779662,0
48187,Guadalupe County,147313,64252,2,318824,14263,190189,30170,443020,149419,798960,497579,ERCT,0.92,-54.09,43.3,12.09,0.01,-65.66,0,1.2910537427110982,0.20480202018830657,3.0073381167989246,1.0142960906369431,3.377699184729114,5.423553929388445,2.1642624887145057,0.09682105448942048,1
48189,Hale County,35007,17520,4,71985,23980,229241,26037,66779,153841,198082,150887,SPSO,1.16,-42.09,71,106.1,0.04,-19.85,0,6.548433170508756,0.7437655326077641,1.9075899105893104,4.3945782272117,4.310195103836375,5.6583540434770185,2.056303025109264,0.6850058559716629,1
48191,Hall County,3162,982,3,7362,2903,17009,1583,15490,12,55425,35598,SPSO,1.29,-40.85,86.9,134.68,0.02,-8.63,0,5.379190385831752,0.5006325110689437,4.898798228969007,0.00379506641366223,11.258064516129032,17.528462998102466,2.3282732447817835,0.91808981657179,0
48193,Hamilton County,8232,3121,3,20071,2676,13673,2137,27070,3312,67610,49176,ERCT,0.97,-40.32,66.3,102.21,0.01,-36.85,0,1.6609572400388728,0.2595966958211856,3.2883867832847424,0.40233236151603496,5.973760932944606,8.21307094266278,2.438168124392614,0.3250728862973761,0
48195,Hansford County,5552,2338,4,13041,5230,31874,4051,54996,162908,34139,21887,SPSO,1.18,-38.21,78.6,89.48,0.02,-39.37,0,5.74099423631124,0.7296469740634006,9.905619596541786,29.342219020172912,3.942182997118155,6.148955331412104,2.348883285302594,0.9420028818443804,0
48197,Hardeman County,3952,1181,3,8630,2975,19365,2098,17808,45673,78941,53975,ERCT,1.2,-42.96,63,93.37,0.01,-25.41,0,4.900050607287449,0.5308704453441295,4.506072874493927,11.556933198380566,13.657641700404858,19.97494939271255,2.1837044534412957,0.7527834008097166,0
48199,Hardin County,55624,18371,2,129177,9204,60977,10881,130472,159905,263366,152078,SRMV,1.04,-38.22,93.6,111.01,0.02,-30.45,0,1.0962354379404573,0.1956169998561772,2.345606213145405,2.874748310081979,2.7340356680569537,4.734754782108443,2.3223248957284626,0.16546814324751905,0
48201,Harris County,4434257,4090870,2,9675224,1517199,10456178,1931978,9561776,15908369,23781933,9907967,ERCT,0.93,-42.48,39.8,-5.6,0.01,-37.17,0,2.3580451020317494,0.4356937362899805,2.156342313943463,3.5876064468072104,2.2344142434685224,5.363228383018846,2.181926757966442,0.34215405196406073,1
48203,Harrison County,66431,38780,3,201931,18341,197764,14770,256911,1770543,464959,395643,SPSO,1.53,-39.9,74.3,99.34,0.03,-11.21,1,2.976983637157351,0.22233595761015187,3.8673360328762176,26.65236109647604,5.9556983938221615,6.999126913639716,3.0397103761797957,0.2760909816200268,1
48205,Hartley County,5966,2517,4,12316,3982,32456,909,16852,NA,69978,49866,SPSO,0.93,-47.67,61.3,59.46,0.04,-18.58,0,5.440160911833725,0.1523633925578277,2.824673147837747,NA,8.358364063023801,11.729466979550788,2.064364733489775,0.6674488769694938,1
48207,Haskell County,5812,2077,3,13098,3208,15925,1103,20839,10190,54544,34320,ERCT,1.38,-39.19,59.2,65.74,0.02,-9.52,0,2.740020646937371,0.18977976600137647,3.5855127322780453,1.7532690984170682,5.905024088093599,9.384721266345492,2.2536132140399174,0.5519614590502409,0
48209,Hays County,185686,106862,2,392710,43887,169941,43610,131509,101758,1058046,499646,ERCT,0.84,-55.67,43.7,20.29,0.01,-61.98,0,0.9152063160389045,0.2348588477321931,0.708233253987915,0.548011158622621,2.6908113697316978,5.698038624344323,2.1149144254278727,0.236350613401118,0
48211,Hemphill County,4151,2750,3,10271,2529,21853,525,57733,161367,35854,26021,SPSO,1.03,-37.26,78.7,133.98,0.01,-35.66,0,5.264514574801253,0.12647554806070826,13.9082148879788,38.874247169356785,6.268609973500362,8.63743676222597,2.474343531679114,0.6092507829438689,0
48213,Henderson County,79213,26170,3,220302,14491,106203,11977,86550,141331,412652,195408,ERCT,1.16,-37.82,76.5,91.75,0.01,-41.38,0,1.3407269008874807,0.15119992930453335,1.0926236855061668,1.7841894638506306,2.466867812101549,5.209397447388686,2.7811344097559743,0.18293714415563103,0
48215,Hidalgo County,828334,389652,2,1406542,87012,1417863,218844,423609,324817,3004975,1203815,ERCT,0.59,-61.48,29.3,-22.91,0.01,-65.5,0,1.7117044573807183,0.264197775293541,0.5113987835824679,0.3921328835952647,1.453296617065097,3.627733498806037,1.6980372651611548,0.10504458346512398,0
48217,Hill County,34901,14656,2,85606,10420,148504,7200,49310,11697,381350,370025,ERCT,1.22,-38.46,72.8,108.01,0.01,-41.66,0,4.255007019856165,0.20629781381622303,1.4128534998997164,0.335147990028939,10.6021317440761,10.926621013724535,2.4528237013266097,0.29855878055070056,1
48219,Hockley County,23377,13017,4,55101,14277,56241,5666,91282,264088,167996,100375,SPSO,1.13,-42.82,73.7,86.89,0.03,-32.77,0,2.405826239466142,0.24237498395859175,3.9047782007956537,11.296915771912564,4.2937502673568035,7.186379774992514,2.3570603584720025,0.6107284938187107,1
48221,Hood County,54217,28597,3,139548,8483,210661,11725,96633,226231,210280,104312,ERCT,1.33,-36.48,70.9,69.79,0.01,-20.87,0,3.8855156131840567,0.21626058247413177,1.78233764317465,4.172694911190217,1.923972185845768,3.878488297028607,2.5738790416290094,0.15646383975505837,0
48223,Hopkins County,35844,21486,3,112287,10358,82398,7197,180301,39809,284619,275070,SPSO,1.38,-45.79,64.5,47.28,0.03,-23.95,0,2.298794777368597,0.20078674255105455,5.030158464457092,1.1106182345720343,7.674087713424841,7.940492132574489,3.1326581854703717,0.28897444481642676,0
48225,Houston County,22802,6435,2,54417,6122,32192,3748,35303,24964,122265,75662,ERCT,1.59,-41.94,67.3,79.64,0.02,-8.36,0,1.4118059819314095,0.16437154635558285,1.5482413823348828,1.0948162441891065,3.318217700201737,5.362029646522235,2.3865011841066575,0.26848522059468466,0
48227,Howard County,36423,17864,3,73466,18435,68731,8373,448946,171341,235549,202945,ERCT,1.55,-39.15,104,85.55,0.01,-51.09,0,1.8870219366883565,0.22988221728028993,12.325892979710622,4.704197896933256,5.571891387310216,6.467040057106773,2.0170222112401506,0.5061362326002801,0
48229,Hudspeth County,3481,420,3,5474,372,3623,437,2228,NA,222004,314328,ERCT,0.96,-65.82,33,-21.69,0.04,2.04,0,1.0407928756104567,0.12553863832232118,0.6400459638035048,NA,90.298190175237,63.775926457914395,1.5725366274059178,0.10686584314852056,0
48231,Hunt County,89068,47041,3,220396,28471,177843,18414,129040,12620,603107,448572,ERCT,1.2,-38,68.1,84.94,0.05,-4.7,0,1.996710378587147,0.20674091705213993,1.4487807068756455,0.14168949566623254,5.036286881932905,6.771309561234113,2.4744689450756727,0.3196546458885346,0
48233,Hutchinson County,21782,12934,4,53111,16965,84815,7009,538263,1045621,104651,53664,SPSO,1.27,-35.2,108,134.2,0.03,-35,0,3.8938114039114864,0.32177945092278026,24.711367183913325,48.00390230465522,2.463685611973189,4.804471582040216,2.4382976769809934,0.7788540997153613,1
48235,Irion County,1631,871,3,4107,445,3520,311,13688,79765,58219,48307,ERCT,1.18,-46.74,59.6,11.8,0.02,-44.54,0,2.158185162477008,0.190680564071122,8.392397302268547,48.90557939914163,29.61802575107296,35.69527896995708,2.518087063151441,0.272838749233599,0
48237,Jack County,8866,4092,3,21596,3326,11953,1418,56705,116486,62893,46010,ERCT,1.33,-39.35,72.6,55.5,0.02,-28.82,0,1.3481840739905255,0.1599368373561922,6.395781637717121,13.138506654635687,5.1894879314234155,7.093728851793368,2.435822242273855,0.37514098804421386,0
48239,Jackson County,14678,7329,2,35413,3034,20788,3065,141928,143942,164497,109743,ERCT,1.17,-45,51.5,55.43,0.01,-62.12,0,1.4162692464913476,0.2088159149747922,9.669437253031749,9.806649407276195,7.47669982286415,11.207044556479085,2.41265840032702,0.20670391061452512,0
48241,Jasper County,35640,16694,2,78772,5636,76937,7589,49701,294043,198399,129713,SRMV,1.26,-34.84,82.9,94.46,0.03,-34.21,0,2.158726150392817,0.21293490460157127,1.3945286195286195,8.250364758698092,3.639534231200898,5.566750841750841,2.2102132435465767,0.15813692480359148,0
48243,Jeff Davis County,2221,759,3,4989,952,3144,NA,625,NA,49814,48680,ERCT,1.01,-63.59,37.5,-3.21,0.04,-13.54,0,1.4155785682125168,NA,0.28140477262494373,NA,21.918054930211618,22.428635749662313,2.246285457001351,0.4286357496623142,0
48245,Jefferson County,252993,206434,2,488795,98168,629286,119641,864783,6944689,1428289,662287,SRMV,1.58,-32.69,67.4,88.26,0.01,-25.26,0,2.4873652630705196,0.4729024123197085,3.418209199464017,27.45012312593629,2.617807607325104,5.645567268659607,1.9320495033459424,0.388026546189025,0
48247,Jim Hogg County,5218,2015,2,8613,841,7557,512,4763,104860,41231,27961,SRMV,0.8,-52.19,38.3,24.73,0.01,-62.74,0,1.4482560367957071,0.09812188577999234,0.9128018397853584,20.095822154082025,5.358566500574933,7.901686469911843,1.6506324262169414,0.16117286316596396,0
48249,Jim Wells County,41486,26169,2,97524,8462,96246,9381,52676,74426,211030,140198,ERCT,1.16,-41.66,47.3,46.4,0.02,-55.74,0,2.3199633611338766,0.2261244757267512,1.2697295473171673,1.7940027961239935,3.3794051005158368,5.086776261871475,2.35076893409825,0.20397242443233865,0
48251,Johnson County,157544,73206,3,373872,33853,328409,27817,250006,269841,679138,353134,ERCT,1.29,-29.18,76.3,83.14,0.01,-40.34,0,2.0845541562991925,0.1765665464886,1.586896359112375,1.7127976946122987,2.2414944396486063,4.310783019346976,2.373127507236074,0.21487965266846087,0
48253,Jones County,19944,4511,3,36141,6032,31591,2764,53894,53764,106241,64488,ERCT,1.56,-33.62,68.9,67.2,0.01,-36.84,0,1.5839851584436422,0.1385880465302848,2.702266345768151,2.695748094665062,3.233453670276775,5.3269655034095464,1.812123947051745,0.30244685118331327,0
48255,Karnes County,14984,9237,2,27997,3054,27233,3947,27140,162799,132931,91754,ERCT,1.32,-45.04,53,39.66,0.01,-69.98,0,1.8174719701014417,0.26341430859583553,1.8112653497063531,10.864855846235985,6.123465029364656,8.871529631607048,1.8684596903363588,0.20381740523224773,1
48257,Kaufman County,111830,48520,3,272755,33797,147262,19768,206723,117955,811682,460587,ERCT,1.19,-52.14,77.7,55.66,0.02,-54.9,0,1.3168380577662524,0.17676830904050791,1.8485469015469909,1.0547706339980327,4.1186354287758205,7.258177590986318,2.4390145756952517,0.30221765179289994,0
48259,Kendall County,39010,24690,3,89220,6240,58004,7994,43784,32483,199857,172538,ERCT,0.82,-52.49,46.3,27.13,0.01,-61.79,0,1.486900794668034,0.20492181491925143,1.1223788772109715,0.8326839271981543,4.422917200717765,5.123224814150218,2.287105870289669,0.1599589848756729,1
48261,Kenedy County,558,271,2,1110,61,167,NA,197,NA,69633,55930,ERCT,0.74,-58.25,31,-14.81,0.02,-42.54,0,0.2992831541218638,NA,0.35304659498207885,NA,100.23297491039426,124.79032258064515,1.989247311827957,0.1093189964157706,0
48263,Kent County,667,96,3,1918,118,1883,NA,6249,65997,13558,9722,ERCT,1.1,-43.43,65.8,63.74,0.02,-27.26,0,2.823088455772114,NA,9.368815592203898,98.94602698650677,14.575712143928037,20.326836581709145,2.8755622188905545,0.17691154422788605,0
48265,Kerr County,50505,32015,3,116937,10813,113821,12060,39153,49239,234578,177505,ERCT,1.14,-45.13,52.5,16.43,0.01,-56.57,0,2.2536580536580537,0.2387882387882388,0.7752301752301752,0.9749331749331748,3.5146025146025144,4.644649044649045,2.3153549153549156,0.2140976140976141,0
48267,Kimble County,4453,1836,3,14309,2640,7929,996,88673,24194,93582,129105,ERCT,1.19,-44.32,66.1,41.24,0.02,-36.24,0,1.7805973501010557,0.223669436335055,19.913092297327644,5.433191107118796,28.99281383337076,21.015495171794296,3.2133393218055244,0.592858746912194,0
48269,King County,274,0,3,482,65,553,39,432,NA,19844,16505,ERCT,0.82,-55.86,53,42.96,0.01,-18.84,0,2.0182481751824817,0.14233576642335766,1.5766423357664234,NA,60.237226277372265,72.42335766423358,1.7591240875912408,0.23722627737226276,0
48271,Kinney County,3578,611,2,6785,881,4857,NA,1660,NA,55745,39496,ERCT,0.86,-65.84,37.5,-5.12,0.02,-24.57,0,1.3574622694242593,NA,0.4639463387367244,NA,11.038569032979318,15.579932923420904,1.896310788149804,0.2462269424259363,0
48273,Kleberg County,31877,13880,2,72968,7085,85850,8092,25277,120750,185221,104742,ERCT,1.06,-47.54,43,11.05,0.02,-51.1,0,2.693164350472127,0.2538507387771748,0.7929541675816419,3.787997615835869,3.2858173604793426,5.8104903221758635,2.2890485302882957,0.22226056404304043,0
48275,Knox County,3807,1160,3,7278,2105,7778,839,6385,889,31703,21149,ERCT,1.33,-42.81,58.9,68.81,0.01,-30.83,0,2.0430785395324405,0.22038350407144733,1.6771736275282374,0.2335172051484108,5.555292881534016,8.327554504859469,1.9117415287628057,0.5529288153401628,0
48277,Lamar County,49626,34034,3,125505,18553,122577,12869,90049,44948,261937,131167,ERCT,1.94,-23.08,82.3,107.76,0.01,-32,0,2.470015717567404,0.25931971144158306,1.8145528553580783,0.9057348970297828,2.643110466287833,5.278221093781485,2.5290170475154152,0.37385644621770847,0
48279,Lamb County,13561,4071,4,31013,9597,35759,3161,51359,3395,110069,65339,SPSO,1.28,-44.22,65.9,84.49,0.02,-34.39,1,2.636899933633213,0.23309490450556744,3.7872575768748615,0.2503502691541922,4.818155003318339,8.116584322690066,2.286925742939311,0.7076911732173143,0
48281,Lampasas County,20357,7286,3,50115,4501,17278,3267,26468,8760,122212,74182,ERCT,1,-43.18,67.9,71.74,0.01,-37.59,0,0.848749815788181,0.16048533673920518,1.3001915802917916,0.4303188092548018,3.6440536424817016,6.003438620621899,2.4618067495210494,0.2211033059881122,0
48283,La Salle County,7319,5517,2,12653,529,10124,1211,14766,207177,158961,226926,ERCT,0.74,-63.09,29.5,-4.69,0.01,-66.83,0,1.383249077742861,0.16545976226260417,2.017488727968302,28.30673589288154,31.005055335428334,21.718950676321903,1.7287880858040716,0.07227763355649679,1
48285,Lavaca County,19654,11033,2,49327,4555,20521,5405,213041,661635,125229,81272,ERCT,1.04,-49.88,39,25.21,0.01,-72.23,0,1.0441131576269462,0.27500763203419154,10.839574641294393,33.664139615345476,4.135137885417727,6.371680065126692,2.509769003765137,0.23175943828228351,1
48287,Lee County,16754,11192,2,40119,3811,25981,3612,61842,81616,96425,66724,ERCT,1.14,-50.1,40.4,43.81,0.01,-50.82,0,1.5507341530380805,0.2155903067924078,3.691178226095261,4.871433687477618,3.982571326250448,5.755342007878715,2.3945923361585293,0.22746806732720545,1
48289,Leon County,16923,8763,2,43525,3141,20726,2813,169795,107964,254263,284143,ERCT,1.31,-48.17,73.7,92.66,0.02,-32.61,0,1.2247237487443126,0.1662234828340129,10.033386515393252,6.379719907817763,16.790344501565915,15.024700112273235,2.571943508834131,0.18560538911540508,1
48291,Liberty County,78598,25083,2,172862,11827,70314,12793,52094,202475,444446,229891,SRMV,1.19,-40.66,91.6,73.61,0.02,-40.58,0,0.8946029161047355,0.1627649558512939,0.6627904017913941,2.5760833608997684,2.9248963077940915,5.6546731468994125,2.199318048805313,0.1504745667828698,0
48293,Limestone County,23469,10050,2,52161,7795,22548,4499,97127,89292,137759,79108,ERCT,1.75,-36.53,87,142.37,0.01,-39.61,1,0.960756742937492,0.19169968895138267,4.1385231582087005,3.804678512079765,3.3707443862115984,5.869828284119476,2.2225488942860796,0.33214027014359365,1
48295,Lipscomb County,3507,1308,4,8458,3691,15298,13921,55823,55381,29081,18476,SPSO,1.06,-47.27,65,87.47,0.02,-33.94,0,4.362132877102937,3.9694895922440834,15.917593384659252,15.791559737667525,5.268320501853436,8.29227259766182,2.4117479327060165,1.052466495580268,0
48297,Live Oak County,11976,5526,2,25577,1130,22210,2229,228473,202972,201342,259348,ERCT,0.87,-42.3,41.9,40.16,0.01,-65.9,0,1.8545424181696728,0.18612224448897796,19.07757181028724,16.94822979291917,21.65564462257849,16.812124248496993,2.135688042752171,0.09435537742150968,1
48299,Llano County,19624,7279,3,57477,3813,14791,3725,12365,10131,110103,65967,ERCT,0.98,-47.59,55.1,30.12,0.1,-0.66,0,0.7537199347737464,0.18981858948226665,0.6300958010599266,0.5162556053811659,3.361547085201794,5.610629841011007,2.9289135752140236,0.19430289441500204,0
48301,Loving County,76,10,3,210,13,55,8,151,11543,25907,17545,ERCT,1.18,-52.2,92.2,63.75,0.15,53.94,0,0.7236842105263158,0.10526315789473684,1.986842105263158,151.8815789473684,230.8552631578947,340.88157894736844,2.763157894736842,0.17105263157894737,0
48303,Lubbock County,294682,227230,3,772796,175959,1574308,119742,426009,249706,1317527,527293,SPSO,1.32,-44.29,77.2,73.89,0.02,-40.36,0,5.342396210151961,0.40634310884275254,1.445656673973979,0.8473744578902003,1.789362770715551,4.471012820599833,2.622474396128708,0.5971148560142798,1
48305,Lynn County,5723,1102,3,14497,3898,10939,605,37615,104,81940,55415,SPSO,1.24,-47.01,67.7,66.56,0.02,-37.87,0,1.911410099598113,0.10571378647562468,6.57260178228202,0.01817228726192556,9.682858640573128,14.317665560020968,2.5331120041936046,0.6811113052594793,0
48307,McCulloch County,8242,4270,3,18765,4345,14235,1532,32822,10734,78969,52824,ERCT,1.48,-39.11,81.6,78.68,0.03,-15.03,0,1.727129337539432,0.18587721426838147,3.9822858529483134,1.3023537976219364,6.409123999029362,9.581290948798836,2.2767532152390197,0.5271778694491628,0
48309,McLennan County,243394,209464,2,548702,82677,496961,66562,385174,219783,1567027,798974,ERCT,1.25,-40.44,57.3,63.45,0.01,-38.79,1,2.041796428835551,0.27347428449345507,1.5825123051513184,0.9029926785376796,3.282636383805681,6.438231838089682,2.25437767570277,0.33968380485961036,1
48311,McMullen County,671,1044,2,1432,65,2051,NA,1353,34971,44541,43251,ERCT,0.58,-58.56,30.9,11.31,0.02,-29.88,0,3.0566318926974665,NA,2.0163934426229506,52.1177347242921,64.4575260804769,66.38002980625932,2.134128166915052,0.09687034277198212,1
48313,Madison County,13843,5820,2,24589,3211,17588,2790,11535,10556,159223,198238,SRMV,1.39,-40.7,68.6,85.09,0.06,0.34,0,1.2705338438199811,0.20154590767897132,0.8332731344361771,0.7625514700570686,14.320450769341903,11.50205880228274,1.776276818608683,0.2319583905222856,0
48315,Marion County,10191,3374,3,36607,2643,22149,2113,47167,33984,55159,33984,SPSO,1.55,-37.27,97.4,146.21,0.03,-11.57,0,2.1733882837798055,0.2073398096359533,4.628299479933275,3.3347070944951427,3.3347070944951427,5.41252085173192,3.5920910607398686,0.2593464821901678,1
48317,Martin County,5451,2197,3,12031,2191,5031,422,28708,19865,94550,107895,ERCT,1.14,-44.49,70.6,70.07,0.02,-33.14,0,0.92294991744634,0.0774169877086773,5.266556595120162,3.644285452210603,19.793615850302697,17.345441203448907,2.2071179600073383,0.4019445973215924,0
48319,Mason County,4064,1555,3,10392,1197,1476,501,12960,11105,40506,30307,ERCT,1.07,-49.12,53,26.16,0.02,-33.45,0,0.3631889763779528,0.12327755905511811,3.188976377952756,2.732529527559055,7.457431102362205,9.96702755905512,2.557086614173228,0.2945374015748031,0
48321,Matagorda County,36719,14894,2,93223,10005,83487,11416,74061,619807,191609,103412,ERCT,1.59,-30.53,57.6,41.23,0.01,-45.72,0,2.273673030311283,0.31090171300961356,2.016966692992729,16.879735286908684,2.816307633650154,5.21825213104932,2.538821863340505,0.2724747405975108,0
48323,Maverick County,56830,25034,2,105023,9109,87324,13431,13503,2147,247110,126606,ERCT,0.73,-57.56,36,8.84,0.01,-49.23,0,1.5365827907795178,0.23633644202005985,0.23760337849727256,0.03777934189688545,2.227802217138835,4.34823156783389,1.848020411754355,0.16028506070737286,0
48325,Medina County,47920,14297,2,104514,6125,66749,5787,67156,43863,249056,193233,ERCT,0.89,-54.88,48.6,27.19,0.01,-71.04,0,1.3929257095158598,0.12076377295492488,1.4014190317195323,0.9153380634390652,4.032408180300501,5.197328881469115,2.181010016694491,0.12781719532554256,1
48327,Menard County,2163,334,3,5711,768,1987,201,3003,347,26236,19657,ERCT,1.33,-43.16,55,29.49,0.02,-25.12,0,0.9186315302820156,0.0929264909847434,1.3883495145631068,0.16042533518261673,9.08784096162737,12.129449838187702,2.6403143781784557,0.3550624133148405,0
48329,Midland County,155817,162206,3,384655,80934,344419,34447,1489054,3538808,837321,486784,ERCT,0.99,-47.28,62.4,50.68,0.01,-36.74,0,2.2104070801003743,0.2210734387133625,9.55642837431089,22.711308778888053,3.124075036741819,5.373746125262327,2.468633075980156,0.5194170084137161,0
48331,Milam County,24372,8948,2,60899,8946,30556,4415,47849,43214,164601,102083,ERCT,1.32,-37.6,59.3,87.79,0.02,-24.76,0,1.253733792877072,0.1811505005744297,1.963277531593632,1.7731002790086985,4.18853602494666,6.753692762186115,2.4987280485803383,0.3670605612998523,1
48333,Mills County,4871,1548,3,11558,1375,2603,1185,8881,456,47506,37177,ERCT,1.05,-42.17,54.9,80.53,0.03,-6.8,0,0.5343871894888114,0.24327653459248613,1.8232395811948263,0.09361527407103264,7.632313693286799,9.752822828987888,2.3728187230548143,0.28228289878874974,0
48335,Mitchell County,8995,2100,3,17309,3208,14052,1452,28583,48423,112673,135175,ERCT,1.48,-36.24,93.2,102.46,0.02,-44.71,0,1.562201222901612,0.1614230127848805,3.1776542523624234,5.383324068927182,15.027793218454695,12.526181211784325,1.9242912729294053,0.3566425792106726,0
48337,Montague County,19384,7447,3,54546,8619,35087,3705,124467,280798,138001,89580,ERCT,1.15,-44.21,69.5,73.84,0.01,-44.33,0,1.8101011143210897,0.19113702022286425,6.421120511762278,14.48607098638052,4.62133718530747,7.119325216673545,2.813970284770945,0.4446450680973999,0
48339,Montgomery County,518849,310900,2,1287948,178938,1174647,175410,448605,782821,2329637,1498675,ERCT,0.83,-43.78,61.4,22.82,0.01,-42.77,0,2.2639476996197354,0.3380752396169213,0.8646157167114131,1.5087645923958608,2.888460804588618,4.490009617441683,2.482317591437971,0.34487490580110974,0
48341,Moore County,22186,15284,4,45447,14854,56089,3038,324313,226140,108015,65155,SPSO,1.09,-43.71,75.1,59.79,0.04,-23.82,0,2.528125845127558,0.13693320111782206,14.617912196880916,10.192914450554404,2.9367619219327503,4.868610835662129,2.0484539799873795,0.6695213197511944,1
48343,Morris County,12653,6565,3,43722,5344,58262,2608,151207,45942,90265,88101,SPSO,1.42,-31.23,68.7,87.92,0.06,0.22,0,4.604599699675966,0.20611712637319213,11.950288469137751,3.630917568955979,6.962854658974156,7.1338812929739985,3.455465107089228,0.42235043072789064,1
48345,Motley County,1022,208,3,2214,232,3985,496,3747,130,18946,13555,ERCT,1.01,-48.15,71.3,111.99,0.03,8.28,0,3.8992172211350296,0.4853228962818003,3.6663405088062624,0.1272015655577299,13.26320939334638,18.53816046966732,2.1663405088062624,0.22700587084148727,0
48347,Nacogdoches County,65556,35846,3,146794,16736,105654,14610,131509,87823,337008,177409,ERCT,1.21,-33.52,73.4,92.13,0.01,-25.54,0,1.611660259930441,0.22286289584477392,2.0060558911465005,1.339663798889499,2.7062206357923,5.140765147354934,2.2392153273537128,0.25529318445298677,1
48349,Navarro County,48177,26748,3,116104,18072,95255,10331,136045,206033,426520,232066,ERCT,1.48,-33.84,66.6,80.11,0.01,-40.54,0,1.9771882848662223,0.21443842497457297,2.8238578574838615,4.276584262199805,4.816945845527949,8.853187205513004,2.4099466550428628,0.3751167569587147,1
48351,Newton County,14138,1955,2,29125,2272,6268,858,8993,9817,69153,46039,SRMV,1.28,-44.47,76.8,95.62,0.02,-38.44,0,0.4433441788088839,0.06068750884142029,0.6360871410383364,0.6943697835620314,3.2564011882868864,4.891285896166361,2.0600509265808458,0.1607016551138775,0
48353,Nolan County,15017,8718,3,35345,7622,41297,3222,79168,177827,175361,179536,ERCT,1.54,-36.08,79.1,94.45,0.01,-32.93,0,2.750016647799161,0.21455683558633548,5.2718918558966505,11.84171272557768,11.95551708064194,11.67749883465406,2.3536658453752413,0.5075581008190717,0
48355,Nueces County,355667,292686,2,850831,101617,1249712,138291,545922,1974990,1858818,702805,ERCT,1.17,-46.65,48.6,12.79,0.01,-65.42,0,3.513713670371443,0.38882156624033154,1.5349245220951058,5.552918881987927,1.9760197038240823,5.226287510508425,2.3922123784326352,0.2857082608170002,0
48357,Ochiltree County,10577,7357,4,24609,13653,29082,50829,88842,168921,48168,28190,SPSO,1.19,-42.86,83.3,92.08,0.01,-54.96,0,2.749550912357001,4.80561595915666,8.399546185118654,15.970596577479435,2.665216980240144,4.554032334310296,2.3266521698024016,1.2908197031294315,0
48359,Oldham County,2069,718,4,4396,1157,8913,394,7059,148,122583,192087,SPSO,1.04,-51.13,100,84.86,0.05,-24.56,0,4.307878202029966,0.1904301594973417,3.4117931367810534,0.07153214113098115,92.84050265828904,59.24746254229096,2.124697921701305,0.5592073465442242,1
48361,Orange County,83751,38494,2,192266,22845,114835,21191,460362,1914806,569297,299147,SRMV,1.32,-32.18,104,131.92,0.02,-41.11,0,1.371147807190362,0.2530238444914091,5.49679406813053,22.863082231853948,3.5718618285154804,6.797494955284116,2.295686021659443,0.2727728624135831,0
48363,Palo Pinto County,27922,11732,3,63845,9732,56194,6832,61821,70431,175793,187428,ERCT,1.43,-39.34,85.5,65.24,0.02,-5.07,0,2.012534918702099,0.2446816130649667,2.214060597378411,2.5224195974500394,6.7125564071341595,6.295859895422964,2.2865482415299763,0.3485423680252131,0
48365,Panola County,23771,13399,3,76982,9143,67273,4109,121275,393992,155855,102474,SPSO,1.37,-31.97,80.3,116.51,0.02,-22.25,0,2.83004501283076,0.17285768373227883,5.10180472003702,16.574481511084937,4.31088300870809,6.556518446846998,3.238483866896639,0.3846283286357326,1
48367,Parker County,123601,57040,3,319179,21957,199180,23065,187223,326795,713697,478171,ERCT,1.23,-36.81,72.6,66.36,0.01,-40.53,0,1.6114756353103938,0.18660852258476873,1.514736935785309,2.6439511007192498,3.8686661111156058,5.77420085598013,2.582333476266373,0.17764419381720212,0
48369,Parmer County,9921,4568,4,21645,7270,17269,1504,44535,27674,89404,56397,SPSO,0.97,-53.09,61.3,62.99,0.03,-19.67,0,1.7406511440378991,0.15159762120753956,4.4889628061687326,2.7894365487350066,5.684608406410644,9.011591573430096,2.1817357121257936,0.7327890333635723,1
48371,Pecos County,15826,7745,3,26030,5108,26292,4873,49393,220686,223840,237888,ERCT,1.52,-43,61.1,34.99,0.02,-25.66,0,1.6613168204220905,0.30791103247820045,3.12100341210666,13.944521673196007,15.031467205863768,14.143813976999873,1.6447617844054088,0.3227600151649185,0
48373,Polk County,46583,16842,2,108342,8259,62438,8648,24337,94469,253193,155025,SRMV,1.34,-38.87,73.8,85.76,0.02,-26.31,0,1.3403602172466351,0.18564712448747395,0.5224438099735955,2.027971577614151,3.3279307902024344,5.4353090183114015,2.3257840843226067,0.17729643861494537,0
48375,Potter County,121883,122761,4,249151,92891,617153,42826,818814,582015,700414,352556,SPSO,1.44,-37.68,113,106.73,0.03,-32.47,1,5.0634871146919584,0.3513697562416416,6.718032867586127,4.775194243659904,2.892577307745953,5.746609453328192,2.044181715251512,0.7621325369411649,0
48377,Presidio County,7144,1760,3,12626,14222,8999,NA,6221,148,66922,42759,ERCT,1.04,-70.17,26.9,-29.87,0.04,-12.03,0,1.2596584546472565,NA,0.8708006718924972,0.02071668533034714,5.98530235162374,9.367581187010078,1.7673572228443448,1.990761478163494,0
48379,Rains County,11087,2649,3,30194,1677,45012,1502,21795,1745,66730,42044,ERCT,1,-48.76,62.7,45.72,0.03,-30.48,0,4.059889961215839,0.13547397853341753,1.9658158203301164,0.157391539641021,3.792189050239019,6.018760710742311,2.723369712275638,0.15125823035988095,0
48381,Randall County,128603,64510,4,315262,93529,279355,22390,527167,268720,448819,250648,SPSO,0.91,-43.58,84.3,102.48,0.03,-11.81,0,2.17222770852935,0.17410169280654417,4.099181201060628,2.089531348413334,1.9490058552288827,3.489957466000015,2.451435814094539,0.7272691927871044,1
48383,Reagan County,3625,2992,3,8817,1511,11715,NA,49609,105885,89394,66563,ERCT,1.26,-42.48,74.5,54.45,0.02,-13.78,0,3.2317241379310344,NA,13.685241379310344,29.209655172413793,18.36220689655173,24.660413793103448,2.4322758620689657,0.4168275862068965,0
48385,Real County,3348,1375,2,7163,586,6784,778,12884,3727,27883,19174,ERCT,0.98,-55.22,53.3,18.05,0.02,-53.15,0,2.026284348864994,0.23237753882915177,3.848267622461171,1.1132019115890084,5.7270011947431305,8.328255675029869,2.1394862604540026,0.17502986857825567,0
48387,Red River County,12455,2509,3,33348,4801,23029,1746,26107,10083,80008,49686,ERCT,1.5,-39.37,65.5,82.72,0.02,-26.65,0,1.848976314733039,0.14018466479325573,2.096105981533521,0.8095543958249699,3.9892412685668406,6.423765556001606,2.6774789241268566,0.3854676836611802,1
48389,Reeves County,14438,6917,3,20599,6103,18791,3558,11034,233265,216545,230850,ERCT,1.35,-54.99,50.8,18.14,0.04,-20.51,0,1.3014960520847765,0.24643302396453803,0.7642332733065521,16.156323590525002,15.989056656046545,14.998268458235213,1.4267211525141987,0.4227039756198919,0
48391,Refugio County,7315,3453,2,19413,2157,10698,1455,35421,153205,128772,93742,ERCT,1.27,-43.39,57.5,48.8,0.01,-69.59,0,1.4624743677375256,0.19890635680109364,4.842241968557758,20.94395078605605,12.815037593984965,17.60382775119617,2.653861927546138,0.29487354750512645,1
48393,Roberts County,939,138,4,2564,604,3514,182,5996,9507,22722,16263,SPSO,1.08,-40.8,87.8,119.48,0.01,-65.04,0,3.742279020234292,0.19382321618743345,6.385516506922258,10.124600638977636,17.319488817891372,24.19808306709265,2.730564430244941,0.6432374866879659,0
48395,Robertson County,16537,5343,2,42698,5972,21300,2692,32157,43526,170367,113572,ERCT,1.66,-45.87,64.7,79.59,0.01,-25.39,1,1.288020801838302,0.16278647880510372,1.9445485880147548,2.632037249803471,6.867751103585898,10.30217088952047,2.581967708774264,0.3611295881961662,1
48397,Rockwall County,88010,51292,3,229989,42320,148832,14565,96073,75737,510566,212224,ERCT,0.84,-48.61,54.6,22.48,0.03,-33.74,0,1.6910805590273832,0.16549255766390183,1.0916145892512217,0.8605499375071015,2.4113623451880466,5.801227133280309,2.6132144074536985,0.4808544483581411,0
48399,Runnels County,10411,4237,3,23184,6104,24008,1851,33979,21207,77491,52449,ERCT,1.72,-38.26,66.5,59.91,0.02,-29.96,0,2.3060224762270676,0.17779271923926615,3.263759485159927,2.036980117183748,5.0378445874555755,7.443185092690424,2.2268754202286045,0.5863029488041495,0
48401,Rusk County,53197,20795,3,153191,19018,109665,7089,164964,155489,220955,133444,SPSO,1.39,-37.36,64.2,69.92,0.02,-38.85,1,2.061488429798673,0.13325939432674774,3.1010019361994097,2.9228903885557456,2.508487320713574,4.1535236949452035,2.879692463860744,0.35750136285880785,1
48403,Sabine County,10367,2604,3,22977,1822,6890,926,43872,3651,42792,27282,ERCT,0.95,-50,69.7,91.76,0.03,-36.73,0,0.6646088550207389,0.08932188675605286,4.231889649850487,0.3521751712163596,2.631619562071959,4.127712935275393,2.216359602585126,0.17574997588501978,0
48405,San Augustine County,8556,2117,3,20731,1891,8811,1240,5495,84,55313,35517,ERCT,1.4,-40.99,72.9,107.28,0.02,-29.54,0,1.029803646563815,0.14492753623188406,0.6422393641888733,0.00981767180925666,4.151122019635344,6.464820009350164,2.4229780271154744,0.2210144927536232,0
48407,San Jacinto County,27172,2139,2,60970,2962,15256,2160,14333,19034,119920,77526,SRMV,1.51,-44.14,73.1,60.89,0.02,-12.22,0,0.5614603268070072,0.07949359634918299,0.5274915354040924,0.7005005152362727,2.853157662299426,4.413366701015751,2.243853967319299,0.1090092742529074,0
48409,San Patricio County,66706,31331,2,170054,16510,110753,14145,684680,1594635,441999,290374,ERCT,1.04,-43.99,62,43.78,0.01,-64.23,0,1.6603154139057956,0.2120498905645669,10.26414415494858,23.90542080172698,4.353041705393817,6.626075615386922,2.549305909513387,0.2475039726561329,0
48411,San Saba County,5881,1743,3,12122,1624,1733,937,70820,66285,39512,26781,ERCT,1.07,-48.74,57.1,39.11,0.02,-27.1,0,0.29467777588845434,0.15932664512837952,12.042169699030778,11.27104233973814,4.553817377996939,6.718585274613161,2.061214079238225,0.27614351300799184,0
48413,Schleicher County,3171,669,3,7747,1502,6415,523,4607,1178,37135,27704,ERCT,1.13,-46.82,59,28.07,0.01,-30.64,0,2.023021128981394,0.16493219804478082,1.4528539892778305,0.37149164301482185,8.736676127404603,11.710816777041943,2.4430778934090194,0.4736676127404604,0
48415,Scurry County,17314,9828,3,38928,7296,39536,3646,68416,565130,119031,83127,ERCT,1.17,-39.97,71.7,58.6,0.01,-35.21,0,2.283470024257826,0.2105810326903084,3.9514843479265336,32.640060066997805,4.801143583227446,6.874841168996188,2.2483539332332216,0.4213930922952524,0
48417,Shackelford County,3323,2036,3,8713,1498,14737,705,50235,105841,39328,27337,ERCT,1.2,-40.93,60,73.54,0.02,-19.67,0,4.434848028889558,0.2121576888353897,15.117363827866386,31.85103821847728,8.226602467649714,11.835088775203127,2.622028287691845,0.4507974721637074,0
48419,Shelby County,25705,12467,3,83430,7407,50973,3816,70086,51802,168341,104646,SPSO,1.22,-43.16,71.3,75.1,0.02,-43.36,0,1.9829994164559424,0.14845360824742268,2.7265512546197237,2.0152499513713287,4.071036763275627,6.548959346430656,3.245672048239642,0.28815405563120017,1
48421,Sherman County,3069,653,4,6977,2298,10698,179,12949,220,51222,37167,SPSO,1.1,-46.15,69,58.04,0.03,-25.78,0,3.4858260019550342,0.05832518735744542,4.219289670902574,0.07168458781362007,12.11045943304008,16.690127077223853,2.2733789507983055,0.7487781036168133,0
48423,Smith County,219745,182888,3,503168,73982,495088,54435,680732,758479,1309720,786594,ERCT,1.16,-43.98,58.7,52.46,0.02,-20.71,0,2.253011445084075,0.24771894696125055,3.0978270267810415,3.4516325741200027,3.5795763271064187,5.960181119024323,2.2897813374593277,0.33667205169628434,1
48425,Somervell County,8673,5938,3,21275,1728,20444,1479,12959,10383,50371,31647,ERCT,1.38,-30.82,71.1,77.98,0.02,-11.69,0,2.3572005073215725,0.1705292286406088,1.4941773319497291,1.1971636112071948,3.648910411622276,5.807794304162343,2.4530151043468233,0.1992390176409547,0
48427,Starr County,63008,17350,2,105614,2915,55987,2551,16708,38798,251405,137628,ERCT,0.73,-63.43,34.1,0.15,0.04,-24.67,0,0.8885697054342305,0.04048692229558151,0.26517267648552567,0.6157630777044185,2.18429405789741,3.990048882681564,1.676199847638395,0.04626396648044693,0
48429,Stephens County,9787,4017,3,22360,3508,22277,2350,112259,255796,48136,32115,ERCT,1.53,-45.4,66.5,43.69,0.02,-4,0,2.276182691325227,0.2401144375191581,11.470215592111986,26.13630325942577,3.281393685501175,4.9183610912434865,2.2846633289056912,0.35843465822008785,0
48431,Sterling County,1233,589,3,3203,542,3745,NA,11475,65839,49056,40874,ERCT,1.08,-44.73,63.7,61.31,0.02,-23.69,0,3.0373073803730737,NA,9.306569343065693,53.39740470397405,33.1500405515004,39.78588807785888,2.597729115977291,0.4395782643957826,0
48433,Stonewall County,1233,641,3,3151,218,3321,181,5399,508,28780,21931,ERCT,1.16,-45.41,67,70.03,0.02,-27.38,0,2.6934306569343067,0.1467964314679643,4.37875101378751,0.4120032441200324,17.78669910786699,23.341443633414436,2.5555555555555554,0.1768045417680454,0
48435,Sutton County,3936,2008,3,9919,2163,10534,1108,21820,97806,94344,140388,ERCT,1.04,-50.77,58.7,25.14,0.01,-42.95,0,2.676321138211382,0.2815040650406504,5.54369918699187,24.849085365853657,35.667682926829265,23.96951219512195,2.520071138211382,0.5495426829268293,0
48437,Swisher County,7639,1929,4,16559,6152,18169,1505,32500,10192,83507,88649,SPSO,1.27,-38.02,73.1,101.99,0.03,-31.3,0,2.3784526770519703,0.19701531614085613,4.254483571148056,1.3342060479120303,11.604791203037047,10.931666448488022,2.1676921062966357,0.8053410132216259,0
48439,Tarrant County,1947529,1542176,3,4479565,801347,5169882,612103,2075997,2273681,10502038,3531471,ERCT,1.34,-34.35,57.1,24.03,0.01,-49.15,0,2.654585374595192,0.3142972453811984,1.0659646146475867,1.1674696500026445,1.8133085566376672,5.3924937703109945,2.3001274948922457,0.41146858403648934,0
48441,Taylor County,135234,111157,3,276518,66599,462351,38766,272846,532853,692400,342062,ERCT,1.52,-38.4,63.4,53.59,0.01,-33.59,0,3.4188961355872043,0.28665868050933935,2.0175843353002945,3.940229528077259,2.529408284898768,5.120014197613027,2.044737270213112,0.49247230726000857,0
48443,Terrell County,778,62,3,2117,1778,2389,NA,760,51394,20642,24798,ERCT,1.48,-49.07,65.9,23.59,0.05,19.65,0,3.070694087403599,NA,0.9768637532133676,66.05912596401028,31.874035989717225,26.532133676092545,2.7210796915167097,2.2853470437017993,0
48445,Terry County,12724,4892,3,25223,8983,72424,2567,39808,10336,128938,82594,SPSO,1.51,-38.05,63.5,68.24,0.02,-20.32,0,5.691920779629047,0.20174473436026408,3.128575919522163,0.8123231688148381,6.49119773656083,10.133448601068846,1.98231688148381,0.7059886828041496,0
48447,Throckmorton County,1520,404,3,4613,650,4430,333,32369,65698,24524,16733,ERCT,1.13,-46.41,56.2,55.5,0.03,-11.45,0,2.914473684210526,0.21907894736842104,21.295394736842105,43.22236842105263,11.008552631578947,16.13421052631579,3.034868421052632,0.4276315789473684,0
48449,Titus County,32592,26940,3,94081,7789,104352,7103,160873,84143,238006,215645,SPSO,1.2,-42.22,68.9,84.66,0.03,-29.23,1,3.2017673048600885,0.2179369170348552,4.9359658811978395,2.5817071674030436,6.616500981836033,7.302589592538046,2.8866286205203733,0.23898502700049093,0
48451,Tom Green County,116264,79568,3,233678,45096,317630,24318,230011,295503,514137,239622,ERCT,1.36,-41.76,71.3,28.18,0.01,-46.41,0,2.73197206357944,0.20916190738319687,1.9783509942888595,2.5416551985137272,2.0610163077134795,4.422151310809881,2.009891281910136,0.3878758687125852,0
48453,Travis County,1148176,1165778,2,2237957,464946,2956041,454040,1149862,900662,6367642,2198246,ERCT,0.87,-64.01,38.8,-11.51,0,-47.79,0,2.5745539011440757,0.3954446008277477,1.0014684159919731,0.7844285196694584,1.9145549114421485,5.545876241969872,1.9491410724488232,0.4049431446050083,0
48455,Trinity County,14360,3061,2,32620,2774,20576,2526,6436,491,76181,48346,SRMV,1.87,-36.62,84.8,106.76,0.03,-14.01,0,1.4328690807799442,0.17590529247910863,0.4481894150417827,0.03419220055710306,3.3667130919220054,5.3050835654596105,2.2715877437325904,0.19317548746518107,0
48457,Tyler County,21371,4489,2,49189,2546,19017,2534,16738,1702,101724,66753,SRMV,1.12,-40.86,76.7,81.84,0.02,-40.51,0,0.8898507323007814,0.11857189649525056,0.7832108932665762,0.07964063450470263,3.1235318890084693,4.759908286930887,2.301670488044546,0.11913340508165272,0
48459,Upshur County,40295,9170,3,121595,8947,64000,5126,43625,20202,190847,122296,SPSO,1.25,-37.13,75.7,83.74,0.03,-22.58,0,1.5882863878893163,0.12721181288000993,1.082640526119866,0.501352525127187,3.0350167514579973,4.736245191711131,3.0176200521156473,0.22203747363196427,1
48461,Upton County,3475,2084,3,8871,1474,11724,1225,47994,290899,46203,37302,ERCT,1.27,-46.53,74.6,46.51,0.02,-52.34,0,3.373812949640288,0.35251798561151076,13.811223021582734,83.71194244604317,10.734388489208634,13.295827338129495,2.5528057553956836,0.4241726618705036,0
48463,Uvalde County,27055,17505,2,52767,3969,51320,4015,35209,13505,147142,90818,ERCT,0.92,-55.7,44.6,13.64,0.01,-54.37,0,1.896876732581778,0.14840140454629458,1.301386065422288,0.4991683607466272,3.356791720569211,5.43862502310109,1.9503603770097948,0.14670116429495472,0
48465,Val Verde County,48862,21334,2,93366,4480,99858,5932,9307,1095,167900,84543,ERCT,1.03,-60.49,36.1,-1.96,0.01,-41.85,0,2.0436740207113915,0.12140313536081208,0.19047521591420735,0.02241005280176824,1.7302402685113176,3.4362080962711308,1.910810036429127,0.09168679137161805,0
48467,Van Zandt County,53070,16047,3,134933,10814,80563,7674,47495,10825,429537,393725,ERCT,0.93,-44.53,77.1,74.33,0.02,-38.31,0,1.5180516299227436,0.1446014697569248,0.8949500659506312,0.20397588091200303,7.418974938760128,8.093781797625777,2.5425475786696814,0.20376860749952896,0
48469,Victoria County,90989,68640,2,213449,21573,250963,29480,168565,933831,461661,251663,ERCT,0.96,-47.3,48.3,37.16,0.01,-65.26,0,2.758168569827122,0.3239952082119817,1.852586576399345,10.26311971776808,2.7658618074712327,5.073811120025497,2.345876974139731,0.2370945938520041,1
48471,Walker County,69926,24177,2,112456,8178,73533,12926,23777,20762,468423,360555,SRMV,1.39,-37.06,62.2,75.9,0.04,58.08,0,1.0515831021365445,0.18485255841889997,0.34003088979778623,0.29691388038783856,5.1562365929697105,6.698838772416555,1.6082143980779682,0.1169522066184252,0
48473,Waller County,47049,21429,2,88459,7140,67216,13458,62467,56625,355521,286508,SRMV,1.17,-57.36,47.6,19.54,0.02,9.31,0,1.428638228230143,0.2860422113116113,1.327700907564454,1.203532487406746,6.089566196943612,7.556398648217815,1.8801462305256225,0.15175667920678443,1
48475,Ward County,11396,6915,3,24120,5520,19929,4292,124497,274682,144277,165944,ERCT,1.49,-43.57,85.5,59.61,0.02,-43.51,0,1.7487714987714988,0.37662337662337664,10.924622674622675,24.103369603369604,14.561600561600562,12.66031941031941,2.1165321165321167,0.4843804843804844,0
48477,Washington County,34544,25131,2,83283,7558,79100,9010,202031,133262,236433,147960,ERCT,1.14,-49.76,38.9,28.04,0.01,-55.46,0,2.2898332561371006,0.2608267716535433,5.84851204261232,3.857746641963872,4.283232978230663,6.844401343214451,2.4109251968503935,0.2187934228809634,1
48479,Webb County,266006,154538,2,484709,46227,729171,74953,74332,170007,1007650,443493,ERCT,0.68,-62.64,30.3,-7.22,0.01,-60.51,0,2.741182529717374,0.28177183973293835,0.27943730592543026,0.6391096441433652,1.6672293106170537,3.7880724494936207,1.8221731840635176,0.17378179439561514,0
48481,Wharton County,41377,22788,2,108159,12405,88469,14937,69041,35471,326308,189500,ERCT,1.43,-38.11,46,35.57,0.01,-52.55,0,2.1381202117118208,0.3609976557024434,1.6685839959397732,0.8572636972230949,4.579839041013123,7.886216980448075,2.613988447688329,0.29980423907001474,1
48483,Wheeler County,5642,3277,3,16455,5007,22852,5825,48318,120072,97869,125207,SPSO,1.34,-29.03,98.6,172.11,0.01,-46.79,0,4.050336760014179,1.032435306628855,8.56398440269408,21.28181495923431,22.19195320808224,17.346508330379297,2.9165189649060617,0.8874512584190003,0
48485,Wichita County,132148,89814,3,296816,73160,307426,33645,527938,1098978,614098,241521,ERCT,1.5,-28.27,83.5,123.63,0.01,9.67,0,2.326376486969156,0.25460090201894847,3.995051003420408,8.31626661016436,1.8276553561158704,4.647047250052971,2.246087719829282,0.5536216968853104,0
48487,Wilbarger County,13061,5793,3,31699,8321,58036,3990,75479,98152,124815,83990,ERCT,1.35,-34.36,70.6,117.76,0.01,-34.04,0,4.443457621927877,0.3054896256029401,5.778960263379527,7.514891662200444,6.430594900849858,9.5563126866243,2.426996401500651,0.6370875124416201,0
48489,Willacy County,21944,3528,2,41653,21295,30771,NA,11752,499,86155,64717,ERCT,0.89,-51.06,32.5,-12.65,0.01,-64.2,0,1.4022511848341233,NA,0.5355450236966824,0.0227397010572366,2.949188844331025,3.9261301494713816,1.8981498359460445,0.970424717462632,0
48491,Williamson County,490619,302286,2,982691,210560,1100030,121030,249626,153764,2434165,953776,ERCT,0.87,-56.81,43.7,19.01,0.01,-50.48,0,2.2421267826969604,0.24668836714436257,0.5087980693776637,0.31340816397245114,1.9440258122901888,4.961416088655351,2.002961564880284,0.42917212745531663,0
48493,Wilson County,46444,12701,2,110173,5492,85966,5919,37953,29742,181338,117930,ERCT,0.93,-52.35,50.2,50.38,0.01,-68.84,0,1.8509602962707776,0.12744380328998364,0.8171776763414004,0.6403841185083111,2.5391869778658167,3.9044440616656617,2.372168633192662,0.11824993540608043,1
48495,Winkler County,7723,3502,3,15148,5322,6972,844,62194,214160,90899,65249,ERCT,1.55,-37.14,107,115.45,0.03,-38.03,0,0.9027579955975658,0.10928395701152402,8.053088178169105,27.73015667486728,8.448659847209633,11.769908066813414,1.9614139583063577,0.6891104493072641,0
48497,Wise County,62089,36064,3,165378,12278,96688,10734,130810,669872,426258,248712,ERCT,1.2,-35.41,71,87.91,0.01,-37.69,0,1.5572484659118362,0.17288086456538196,2.106814411570487,10.78889980511846,4.005733704843048,6.865274042100856,2.663563594195429,0.19774839343523007,0
48499,Wood County,43198,17447,3,115080,9743,111370,7095,72707,227660,203945,119414,ERCT,1.13,-45.38,68.2,62.94,0.02,-37.55,0,2.578128617065605,0.16424371498680496,1.6831103291819065,5.270151395897958,2.764340941710264,4.721167646650308,2.664012222788092,0.22554284920598175,0
48501,Yoakum County,8316,4664,4,18901,4760,51224,1974,41390,248267,51456,36485,SPSO,1.19,-45.38,73.5,70.65,0.03,-40.68,0,6.15969215969216,0.23737373737373735,4.977152477152477,29.854136604136603,4.387325637325637,6.187590187590188,2.2728475228475227,0.5723905723905723,0
48503,Young County,18275,11253,3,48650,9203,48756,5548,239744,468806,88446,56198,ERCT,1.74,-34.59,90.6,90.27,0.04,24.4,0,2.667906976744186,0.3035841313269494,13.118686730506155,25.652859097127223,3.0751299589603285,4.8397264021887825,2.662106703146375,0.5035841313269493,0
48505,Zapata County,14335,2996,2,30868,9242,13441,NA,38385,87381,62702,45322,ERCT,0.73,-63.9,36.3,4.42,0.03,-45.96,0,0.9376351587024764,NA,2.6777118939658178,6.0956400418555985,3.161632368329264,4.3740495291245205,2.153331008022323,0.644715730728985,0
48507,Zavala County,12107,2808,2,22240,8812,20949,NA,14706,12349,103107,66035,ERCT,0.81,-60.08,31.5,-4.15,0.01,-49.31,0,1.730321301726274,NA,1.214669199636574,1.019988436441728,5.454282646402907,8.516312876848104,1.8369538283637563,0.7278433963822581,0
