FIPS,county,state,lung_cancer_per_100000,lifetime_co2_state,allpower_potential_state,year_id,Male_Chronic respiratory diseases,Male_Chronic obstructive pulmonary disease,Male_Pneumoconiosis,Male_Silicosis,Male_Asbestosis,Male_Coal workers pneumoconiosis,Male_Other pneumoconiosis,Male_Asthma,Male_Interstitial lung disease and pulmonary sarcoidosis,Male_Other chronic respiratory diseases,Female_Chronic respiratory diseases,Female_Chronic obstructive pulmonary disease,Female_Pneumoconiosis,Female_Silicosis,Female_Asbestosis,Female_Coal workers pneumoconiosis,Female_Other pneumoconiosis,Female_Asthma,Female_Interstitial lung disease and pulmonary sarcoidosis,Female_Other chronic respiratory diseases,Both_Chronic respiratory diseases,Both_Chronic obstructive pulmonary disease,Both_Pneumoconiosis,Both_Silicosis,Both_Asbestosis,Both_Coal workers pneumoconiosis,Both_Other pneumoconiosis,Both_Asthma,Both_Interstitial lung disease and pulmonary sarcoidosis,Both_Other chronic respiratory diseases
16001,Ada,ID,49.9,NA,8502145,2014,64.5122881301697,53.4323517358753,0.202080322922825,0.0231761239270769,0.152954849721421,0.0102465197024776,0.0157028295718497,0.71711737701298806,8.96283246230936,1.19790623204931,47.4503344135598,40.1422149884583,0.303787584814441,0.00240300082888448,0.0509602102378031,0.00149038590187963,0.248933987845874,1.18276695823911,5.06516502138118,0.756399860666783,54.6662454653901,45.6975267245659,0.263265678044321,0.0111272799134845,0.0926295842478956,0.00505620929524966,0.154452604587691,0.99008596738386,6.77453652766826,0.940830567727703
16003,Adams,ID,38.1,NA,8502145,2014,49.3875978403512,40.4542365900272,0.736202893893602,0.122722940958877,0.529146685424361,0.0370593036060341,0.0472739639043297,0.902667832790278,6.02840003395779,1.2660904896824,35.6319516860345,29.7320997194362,0.332821400016998,0.00307567824580716,0.0515631812048185,0.00181304716036104,0.276369493406011,1.41877623681049,3.61027169587151,0.537982633899374,42.4749456373941,35.0163325077781,0.539481085208372,0.0636073769362145,0.292471823191609,0.0193042419030506,0.164097643177498,1.15723599857566,4.85965361270358,0.902242433128453
16005,Bannock,ID,36.5,NA,8502145,2014,81.6176353772229,65.2498594708395,3.02771022835624,0.184697335469629,2.63424815350468,0.0810167710119547,0.127747968369974,1.12586657983751,10.6276804069879,1.58651869120175,53.267655951114,45.2517003261181,0.428985231289061,0.00561232456252392,0.0270007125872416,0.00174735128659327,0.394624842852702,1.16454018158476,5.63510136102377,0.787328851098294,65.3272757135028,53.66522744873,1.54341423425218,0.0833708839559476,1.14096904085087,0.0354259410605505,0.283648368384803,1.14908437769011,7.83322752649974,1.1363221263308
16007,Bear Lake,ID,NA,NA,8502145,2014,78.705576714803,64.5032419876072,0.844870866603907,0.11326823201404,0.502221956753127,0.130765191674018,0.0986154861627215,1.01664511520791,10.4575049873571,1.88331375802689,42.1953881437285,34.577442295235,0.574353433150846,0.0105501155659466,0.0314947018346845,0.00226155257515168,0.530047063175063,1.56262123490821,4.71062753238484,0.770343648049614,60.0521973552648,49.2125214691064,0.704794263079654,0.0610505817251045,0.261979870870791,0.0656485968408804,0.316115213642879,1.29247228803201,7.52213339953545,1.32027593551128
16009,Benewah,ID,58.7,NA,8502145,2014,90.1889113093737,78.8964901059306,1.82737887584479,0.469841789696311,1.21507300478662,0.0567730221732537,0.0856910591886046,1.15151713951285,7.21293761021201,1.10058757787343,71.4663625610345,63.5629816915486,0.384363376932332,0.00361538810453404,0.0707913659064964,0.00173791716539855,0.308218705755903,1.8458131457949,5.04706859107744,0.626135755681308,80.3659029318737,70.7999175249757,1.08455619147592,0.229228586590033,0.623508585615799,0.0280241031194788,0.203794916150605,1.50741430267609,6.11904592620756,0.854968986538491
16011,Bingham,ID,35.2,NA,8502145,2014,74.9271687876636,62.9392584549729,1.31251744852826,0.126735964961086,1.01287619613037,0.0369141324979279,0.135991154938873,1.1186830311891,7.90221843859142,1.65449141438188,45.8510576848382,37.5792152061612,0.443674214864705,0.00403714628585979,0.0281886169103219,0.00168311380365308,0.40976533786487,1.27476895056955,5.74248403421274,0.810915279029987,58.8026676779734,48.8428348291965,0.830215483652235,0.0588973978719742,0.46254998328785,0.0171182446130534,0.291649857879357,1.20227669260372,6.73726008080628,1.19008059171471
16013,Blaine,ID,31.4,NA,8502145,2014,40.2259282108295,31.756749975463,0.450116638207924,0.0515758286105714,0.345514346123395,0.015406451194,0.0376200122799577,0.76217236336879,6.11772063820653,1.13916859558327,33.0819750366263,27.3765787003543,0.385457907412105,0.00372462537264884,0.0267659179837038,0.00134925568960985,0.353618108366142,1.16205779190648,3.57820424508473,0.579676391868746,36.492437944394,29.4378830121742,0.418945597858066,0.0269561261090068,0.181280548003608,0.00808035969301723,0.202628564052434,0.965617391599286,4.82108048963998,0.848911453122465
16015,Boise,ID,48.5,NA,8502145,2014,38.6648800826108,31.3144428146025,0.279933125247234,0.0401660989195418,0.196528404744112,0.0152684452672196,0.027970176316361,0.708873360278801,5.25468586917972,1.10694491330248,63.6837638001572,56.9334762010374,0.464435840344051,0.00416662796680597,0.0622565837692213,0.00210661946373648,0.395906009144287,1.36916671593241,4.18495041881384,0.731734624029417,50.9806789744287,43.8708660205604,0.378757636843695,0.022397209750097,0.130396442877347,0.00861440862689202,0.217349575589358,1.03988940413064,4.77331695581217,0.917848957081827
16017,Bonner,ID,51.9,NA,8502145,2014,56.9603595087358,46.8393873038624,1.15937968176433,0.0649351984966996,1.0246688199487,0.0291620028938544,0.0406136604250803,0.920732325526091,7.05518035829769,0.985679839285325,44.4215648935571,37.77491420493,0.416089941849928,0.00294444738820853,0.166180032376923,0.00165410325855436,0.245311358826242,1.25651559798058,4.44186470928356,0.532180439513049,50.0161497746717,41.7597632234372,0.758941477124509,0.031552876503374,0.558069949368278,0.0140592595349203,0.155259391717937,1.09927014055558,5.65916136782158,0.739013565732841
16019,Bonneville,ID,36.3,NA,8502145,2014,77.2201257019184,64.6042609760056,1.9523559861144,0.128669553016092,1.64886482387601,0.0681988029865845,0.106622806235715,1.09639888980547,8.08863032209874,1.47847952789421,53.9436446446137,45.9857421034754,0.408338416374788,0.00464369053371108,0.0265699189638736,0.00167444205665427,0.375450364820549,1.26920393351332,5.46255948842146,0.817800702828745,63.7466696319955,53.7599413415621,1.0596379688073,0.0576029860214944,0.706919001833309,0.0293791728582436,0.265736808094255,1.1930211543392,6.6338736765307,1.10019549075619
16021,Boundary,ID,49.7,NA,8502145,2014,61.4532144067514,48.6605450029333,2.22960173966698,0.0924310672629434,1.94267614019575,0.0495637702040853,0.144930762004194,0.923124371624796,8.48270401879621,1.15723927373015,58.8120974409428,50.7828207455265,0.551566974029757,0.00355488885678976,0.311373655080519,0.00183757547598704,0.23480085461646,1.21884141303654,5.60877911688961,0.650089191460384,59.3290871196544,49.1376825176933,1.31232911466206,0.0438934003862434,1.04455590750755,0.0227714253377705,0.2011083814305,1.0769864806652,6.92893692670875,0.8731520799251
16023,Butte,ID,NA,NA,8502145,2014,79.8559584466507,67.7153297671463,3.03827175694047,0.45787951194324,2.30868653651649,0.0871053369626264,0.184600371518108,1.11312674816872,6.36479183683378,1.62443833756145,41.5619846521542,35.249513700114,0.483093077326212,0.00531662963686878,0.046949825466961,0.00222340035917647,0.428603221863206,1.39226106694296,3.77637867020602,0.660738137565022,58.3761916698036,49.4770796522258,1.59196605361457,0.203546782274205,1.02079770839355,0.0382976631122913,0.32932389983452,1.26385759384042,4.95310925828493,1.09017911183791
16025,Camas,ID,NA,NA,8502145,2014,53.591871816783,45.2340826991906,0.422258679992952,0.0694785216450413,0.272700098326343,0.0267876905469273,0.0532923694746397,0.995597841616872,5.60490512268813,1.3350274732945,38.0692404425463,32.750884218395,0.39439236087441,0.00534816685153741,0.0346752150849509,0.00248880077842148,0.3518801781595,1.2140439829165799,3.09306238058087,0.616857499779511,45.308779437909,38.5124015678067,0.409242279066509,0.0363686989038373,0.147475221864846,0.0138604750801834,0.211537883217642,1.09931498769828,4.32686074711486,0.960959856222595
16027,Canyon,ID,54.5,NA,8502145,2014,73.4792797279032,60.8333385021398,0.532773839357442,0.0840243782082379,0.395868695533231,0.0259637997995542,0.0269169658164194,0.889600929163919,9.80881708223426,1.41474937500786,55.5041090117785,49.1319677430371,0.295796789060019,0.00260741052037066,0.0367233698518499,0.00211025062012404,0.254355758067674,1.08816710483537,4.21930419232249,0.768873182523554,63.2065715631759,54.0761835658617,0.399154551360627,0.037873526484213,0.190377881610932,0.0122278943285037,0.158675248936978,0.999626169194315,6.68204616661385,1.04956111014549
16029,Caribou,ID,NA,NA,8502145,2014,90.3750049727564,73.0936404116338,1.28292296682277,0.142093058020122,0.897566031691048,0.113347980743488,0.129915896368111,1.1550906733894999,12.9364064868222,1.90694443408816,36.6243620655655,30.2299511338682,0.494596066954504,0.00708470201613908,0.0307645620471438,0.00170529027602931,0.455041512615192,1.00985310987263,4.26250847603047,0.627453278839701,59.8049378708099,48.6801477897094,0.82955833375415,0.0651278884180953,0.397420974575466,0.0488013957814722,0.318208074979117,1.07653942410761,8.02715482945809,1.19153749378069
16031,Cassia,ID,33.1,NA,8502145,2014,85.4438240217051,73.3199024703496,0.441802766851766,0.0652948772837268,0.302650422012999,0.0244655087380247,0.0493919588170152,1.60043855505752,8.30471706436531,1.77696316508093,41.9751497272429,35.375935073072,0.427668153721252,0.00479301144774468,0.0180006360753015,0.00243000132975769,0.402444504868448,1.45599332106182,4.02326934268723,0.692283836700629,60.9827347068805,51.9421506341565,0.437176100228901,0.0306023683014018,0.136894736399905,0.0114899339692034,0.258189061558391,1.52804220337131,5.90660654530818,1.16875922381561
16033,Clark,ID,NA,NA,8502145,2014,83.6302538546077,72.8282096252408,1.18587954264901,0.214437827612175,0.800609941905884,0.0391332107560031,0.131698562374947,1.26447253251891,6.6902695452339,1.66142260896506,42.5428756252806,36.0205001589548,0.433311450807136,0.00540688475116395,0.0268928856027307,0.00197801262595919,0.399033667827282,1.60337855687311,3.86587706537179,0.619808393273755,64.3897332714054,55.5985237116743,0.830347195133828,0.116112213578263,0.436353683263174,0.0217930452999382,0.256088252992452,1.42786911555588,5.3569117648369,1.17608148420454
16035,Clearwater,ID,70.5,NA,8502145,2014,78.0263605879078,68.2000509184866,1.2555856599715,0.168366485977873,0.964949436088852,0.0621011063031613,0.060168631601614,0.922324040672093,6.45873261930645,1.18966734947116,62.1725230518871,53.6165418051717,0.480086288125713,0.00432317571568064,0.0846430545956179,0.0025315098885434,0.388588547925871,1.66715393793864,5.79629867472618,0.612442345924887,69.499763063256,60.3245680620052,0.845470685375331,0.0816922119969539,0.493209012176925,0.0299325062484818,0.24063695495297,1.30403506025362,6.13822185368013,0.887467401941768
16037,Custer,ID,39,NA,8502145,2014,62.3264011640787,53.6242336062737,0.646665048251307,0.0953728441369337,0.45612167148454,0.034189236066307,0.0609812965635268,0.907384305752072,5.6950493509392,1.45306885286245,37.342430373386,31.7089562227385,0.458253526117145,0.00441287029065096,0.047238348738778,0.00225834481838164,0.404343962269335,1.27396234516969,3.30670598229042,0.594552297070272,48.7418689835711,41.6694961094657,0.547265459680454,0.0449510525992335,0.225636293923102,0.0159616771393177,0.260716436018801,1.10955384191085,4.43098263116677,0.984570941347376
16039,Elmore,ID,72,NA,8502145,2014,68.6648671518968,58.8323262680017,0.289489616778222,0.0404386512809594,0.202695794298691,0.0141434337624076,0.0322117374361645,1.08272534147714,7.00925618803075,1.45106973760896,61.2708767967304,53.5921949536098,0.405564602902255,0.00360784103412543,0.0316453959274969,0.00233207341003414,0.367979292530598,1.76488491377744,4.63715837870506,0.871073947735795,64.4069120467324,55.750091488494,0.355000578781169,0.0201059296911567,0.106986889989408,0.00750599685250398,0.22040176224810001,1.45035798818634,5.7205806208157,1.13088137045518
16041,Franklin,ID,NA,NA,8502145,2014,50.7719306752003,36.8804064061488,0.714663790114706,0.0928399310288749,0.473622369688054,0.0711698734669896,0.0770316159307871,0.861221080491356,10.6969390835132,1.61870031493221,22.44548037813,14.4170234061283,0.528994265638915,0.00925937133890842,0.0273089502692272,0.00205301089991368,0.490372933130866,1.15442797357302,5.62764727935375,0.717387453436054,35.7471098769177,24.9499182242241,0.617651772875985,0.0480759226225557,0.23363851419156,0.0337219811273603,0.30221535493451,1.01766310594244,8.02233544049221,1.13954133338297
16043,Fremont,ID,43,NA,8502145,2014,55.8021778612997,46.3341489872099,0.755335613089589,0.110817768050995,0.530513459263188,0.0471928075511679,0.0668115782242377,0.96680492409986,6.30385532611617,1.4420330107842,29.8971829998946,23.301076803421,0.429537611724351,0.00463533317375027,0.0333564048827681,0.00179491331448868,0.389750960353344,1.39198316389832,4.14001498778098,0.634570433070001,42.2705833945988,34.2919807947075,0.586663696094727,0.0554025858963149,0.269471537872701,0.0231053997501928,0.238684172575519,1.18058375748861,5.18968148419427,1.02167366211371
16045,Gem,ID,51.2,NA,8502145,2014,82.3132396477104,70.7402777662133,0.338270330575501,0.0460820660831603,0.244007079003787,0.019871423019555,0.028309762468999,1.31479710111333,8.39082807047721,1.52906637933114,53.8472380297247,47.2867136115742,0.355698985086928,0.0032046258518127,0.0458925621356369,0.00231163674178821,0.30429016035769,1.53519429314264,3.98369321886462,0.685937921056261,66.9319613558133,58.023685382658,0.349864508881929,0.0229048242582858,0.136155129650952,0.0102238116867941,0.180580743285897,1.43461788657775,6.04897770634513,1.07481587135056
16047,Gooding,ID,50.3,NA,8502145,2014,73.0682238307566,61.5293776429708,0.393554264909962,0.0536451791180091,0.274336245054587,0.0206133174302508,0.0449595233071142,1.41552400341829,8.16761767028158,1.56215024917595,50.3185413047376,42.1496350792396,0.408457253627426,0.00494768989378057,0.0234789771597292,0.00327387398672065,0.376756712587195,1.7224044911213101,5.11373800819062,0.924306472558645,61.0450286240624,51.2806175269983,0.402051156587757,0.0278287900148935,0.140069804384352,0.0113189833301929,0.222833578858319,1.57640945264644,6.55993507496021,1.22601541286968
16049,Idaho,ID,43.1,NA,8502145,2014,64.8801612733544,55.6875071828141,0.824067392289431,0.0975774844429853,0.636043997076994,0.0392632979068233,0.0511826128626282,1.07753786043976,6.04736554966104,1.24368328814999,51.4201293500153,44.596250929008,0.429713457056267,0.00327115753852864,0.061970519410976,0.00198199107789727,0.362489789028865,1.42585909043375,4.41951781342223,0.548788060095084,57.8040689891287,49.8064907726814,0.62123641270297,0.0483435706609057,0.334031629196353,0.0194260320691901,0.219435180776521,1.26078255437624,5.23338115279604,0.882178096572018
16051,Jefferson,ID,34.7,NA,8502145,2014,58.9428285863937,49.3294749696559,1.27371786245808,0.1726291637813,0.974559975107505,0.0475437871547777,0.0789849364144973,0.766495490972545,6.23082673912391,1.34231352418328,38.8372557853962,31.5933893425881,0.432068828390887,0.00484699602198877,0.0357717095410066,0.0017804714920005,0.389669651335891,1.5408890539983,4.55545350925652,0.715455051162468,48.1523932171701,39.7943445422754,0.81599143978694,0.0812412097022875,0.458719488367339,0.0221866845238049,0.253844057193508,1.18237695058515,5.35661684577194,1.00306343875072
16053,Jerome,ID,47.6,NA,8502145,2014,86.9848761214161,75.3748611795307,0.373799275326932,0.0860068934244271,0.21811462433317,0.0228900572175936,0.0467877003517409,1.87463388674036,7.60013028092923,1.76145149888887,45.869146773623,38.1948704387386,0.41829999459816,0.00548447351655499,0.0176572922706878,0.00370743250223937,0.391450796308678,1.90873114513704,4.45885685396047,0.888388341188674,64.295673252946,54.816159906009,0.403013950234748,0.0409179362861112,0.104492992408091,0.0118667971572204,0.245736224383326,1.90345831807282,5.89180248421595,1.28123859441345
16055,Kootenai,ID,64.5,NA,8502145,2014,69.7824910448626,57.418968907077,1.37245050069964,0.108150079624579,1.14499597846714,0.0797858629965859,0.0395185796113325,1.06123879361803,9.00018259950848,0.929650243959452,50.1340669506482,42.6234027545572,0.318642771903416,0.00319019265411965,0.0860910132899258,0.00158858968395285,0.227772976275418,1.53394403534183,4.99710352737609,0.660973861469674,58.5952255189372,48.9244084755333,0.780681124305673,0.0494026895765069,0.547684044710731,0.0353147496156449,0.14827964040278999,1.3232318008264,6.79035395923365,0.776550159038205
16057,Latah,ID,47.9,NA,8502145,2014,54.7796876790477,43.9716779546711,0.814056664762206,0.0982926071112985,0.644152490794157,0.0407173425250071,0.0308942243317429,0.851012218190052,8.15656792158965,0.986372919834695,43.1635859366593,36.5681770199208,0.302809746940718,0.00286241892595956,0.0655380769659451,0.00165686999727729,0.232752381051536,1.69420514239597,4.05639506111324,0.541998966288547,47.6892861781139,39.2867152569273,0.522600646765808,0.0437952076364778,0.310179846533244,0.0178983872672166,0.150727205328869,1.30658623488753,5.84413769725843,0.729246342274787
16059,Lemhi,ID,47.9,NA,8502145,2014,68.0999530533539,57.892736048173,1.33292816574114,0.138200141904434,1.05343389475746,0.051324271738999,0.089969857340243,1.1347571228825,6.27136134905566,1.46817036750159,62.9006967646291,56.2821642689158,0.490636705169597,0.0046356173607908,0.0573574885204928,0.00239691481263906,0.426246684475675,1.76366664814083,3.69980376563539,0.664425376767427,65.3911555119863,57.0062092110087,0.901217747047961,0.0694640481746317,0.538723330170828,0.025830239318574,0.267200129383927,1.45843196592593,4.97248730773847,1.05280928026531
16061,Lewis,ID,70.7,NA,8502145,2014,70.0847397296973,57.5424443513873,1.52924563120566,0.419913735162933,0.926760919812621,0.0677618038921791,0.114809172337926,1.12359975059969,8.56200834542554,1.32744165107913,45.3143552515644,36.2161468759409,0.467597140826159,0.0081753701904188,0.0667334831770464,0.00264432095590847,0.390043966502785,2.24251010763799,5.79435774984733,0.593743377312044,57.4003341704712,46.6132925540933,0.983198909184979,0.207777733912553,0.483095213295612,0.0341337398373979,0.258192222139416,1.69788814452589,7.15320385074823,0.952750711918757
16063,Lincoln,ID,NA,NA,8502145,2014,78.0103806497318,67.2427245683358,0.389825196640418,0.0686620452127496,0.245696881474781,0.0231418600739404,0.0523244098789473,1.64613704613999,7.06325284512324,1.66844099349231,49.0788947647248,42.0576352804952,0.44622782675912,0.00587238788360803,0.0239786803171068,0.00318332489712192,0.413193433661283,1.6154001044724,4.07984521480624,0.8797863381918,62.9597442260926,54.1304049939856,0.419193494232079,0.0358675202802189,0.128834957000302,0.0126288506342916,0.241862166317267,1.63371192194236,5.515403886949,1.26102992898361
16065,Madison,ID,NA,NA,8502145,2014,45.224234083606,34.7036114912851,1.48124216559571,0.226336681194569,1.08370492052795,0.0792873520421674,0.0919132118310179,1.08367775737209,6.52403998617758,1.43166268317549,26.9331704922997,19.3485415453932,0.398186560036856,0.00525938319341901,0.0343106153799429,0.00236171576297747,0.356254845700516,1.79171537236781,4.65153495004671,0.743192064455166,34.9781666406789,26.0856864664556,0.867534814610232,0.10133017931134,0.485793840177928,0.0352738047563877,0.245136990364576,1.481226667394,5.4982034822,1.04551521001907
16067,Minidoka,ID,34.9,NA,8502145,2014,71.4752785763547,59.9858355002149,0.300060737693196,0.0495490060920856,0.191412333502115,0.0199434626498139,0.0391559354491817,1.59972097191647,7.88789305120957,1.70176831532059,37.5925311317431,29.6875768076616,0.428702912232407,0.00532766040697709,0.0194438898293359,0.00286455942643222,0.401066802569662,1.79425299167965,4.66205494675218,1.01994347341729,52.9846895673467,43.4327746420272,0.373935707322563,0.0251322804992026,0.0954436018577352,0.0103367792566768,0.243023045708948,1.71422271358861,6.1369206107648004,1.32683589364351
16069,Nez Perce,ID,67.3,NA,8502145,2014,71.3056658594919,59.4665782700874,1.47311630346119,0.100379946918443,1.26978455409735,0.0515778369568501,0.0513739654885429,1.09412640579808,8.08377562603188,1.18806925411335,55.3962483475837,47.4151117199757,0.345509825162199,0.00316731084784889,0.0485000444420357,0.00137298618755363,0.29246948368476,1.75379081471896,5.26794673503135,0.613889252695504,62.1166774990942,52.4583944404389,0.832052257825329,0.0455104280932974,0.573094536251537,0.022850291538992,0.190597001941503,1.45387217240177,6.50776260681729,0.864596021610873
16071,Oneida,ID,NA,NA,8502145,2014,68.672348227061,53.7010940208352,0.840976957916442,0.1123592295361,0.588049880793933,0.0606210331274864,0.0799468144589225,1.26647568934217,11.0854309669003,1.7783705920669,26.4893929394557,20.2977323360556,0.471600156441018,0.00778634820462558,0.0304913091954184,0.00191853846788957,0.431403960573084,1.12784873330239,3.96140701893133,0.630804694725344,45.5473258847429,35.3526377381771,0.638904666121561,0.0546566771054442,0.277562303880351,0.0275952627778946,0.279090422357872,1.19286603812737,7.21243437010085,1.150483072216
16073,Owyhee,ID,34.7,NA,8502145,2014,74.8556297699835,64.7888237024555,0.441759319509675,0.0764874328710547,0.293572010541772,0.0215733921980091,0.0501264838988388,1.20116520710355,6.78888764737153,1.63499389354325,55.6365058366955,48.9578132438048,0.445654852245807,0.00356585743670647,0.0264533600999129,0.00309202792906058,0.412543606780127,1.43330149065472,4.07656707934821,0.723169170641947,64.7693748514394,56.4565540477105,0.444565619208009,0.0381612644944139,0.152118264558111,0.0117584621977786,0.242527627957706,1.32391396543674,5.38145398841615,1.16288723066806
16075,Payette,ID,60.8,NA,8502145,2014,78.8335760128894,68.8042275565753,0.288001108926465,0.0372264389621648,0.208227513250979,0.0189997629600637,0.0235473937532575,0.794834697452442,7.57292479026537,1.37358785966983,57.4779201162378,50.3639341978773,0.328025170417723,0.0036993161785006,0.0417591316907269,0.0023563774859509,0.280210345062545,1.3293405029375,4.74079335178928,0.715826893215993,67.1157499239401,58.6579799872062,0.311047545532471,0.01895219391957,0.116903615683443,0.00982571163710341,0.165366024292354,1.08311010322134,6.04683462621699,1.0167776617631
16077,Power,ID,34.5,NA,8502145,2014,96.388929317948,82.5192275529721,0.735237402125334,0.0984114709382912,0.515554450467156,0.0295908663814847,0.0916806143384017,1.51145087292091,9.82676133563054,1.79625215429906,52.0480658393199,44.7569709939941,0.468440728404714,0.00607273491956665,0.0212733942711039,0.00179962463498094,0.439294974579062,1.34816664315417,4.79691370724508,0.67757376652192,72.8916698718541,62.4831234477597,0.593845676514728,0.0491021596770152,0.249635341642063,0.0145730861680921,0.280535089027558,1.43110615036933,7.17586575409867,1.20772884311168
16079,Shoshone,ID,80.5,NA,8502145,2014,81.4026336418459,68.9758655908648,2.93459686938166,1.12218679236116,1.57668095890712,0.140551752951216,0.0951773651621717,1.17835763321309,7.0790219167503,1.23479163163605,69.6783166127407,61.9110155464626,0.452222977721571,0.00439438735346332,0.109905380867508,0.0029932158450321,0.334929993655568,1.64207102996227,4.94648457314247,0.726522485451781,74.4971761443797,64.6564305299148,1.53607359399916,0.493409830037933,0.745067651829208,0.0622589431715084,0.235337168960513,1.43445241829964,5.91834816357671,0.951871438589311
16081,Teton,ID,NA,NA,8502145,2014,42.9642367064368,33.334203968481,1.00671336603229,0.127791565824664,0.716620377780763,0.081431016494983,0.0808704059318791,0.893482856131955,6.4372832700709,1.29255324572069,23.8421368403606,18.5197559722378,0.364163081216661,0.00496964461826028,0.025227385742488,0.00148226788591225,0.33248378297,1.04181961165257,3.39892071415374,0.517477461099796,32.8027872373186,25.4403258129302,0.662070526022169,0.0616768427479212,0.341069892504603,0.0372994293095456,0.2220243614601,0.971994315921615,4.84920390655071,0.879192675893878
16083,Twin Falls,ID,48.3,NA,8502145,2014,83.8060521169474,71.3573624847065,0.223689959572253,0.0279724470670759,0.15829920955361,0.0129099437730547,0.0245083591785128,1.66083453405678,9.00900236422056,1.55516277439129,63.3001802796152,52.3587975361734,0.395691385523088,0.00425020217580296,0.0268108795405756,0.00363580315661294,0.360994500650096,2.16647328546595,7.14023610799113,1.23898196446164,71.9622927166811,60.3487645371698,0.324958589744279,0.0143764115292523,0.0818124320410257,0.00744656620793223,0.221323179966068,1.94653926545583,7.97356623697612,1.36846408733515
16085,Valley,ID,25.5,NA,8502145,2014,38.531709433005,31.509671126927,0.421693189441325,0.0573936540116863,0.309040412096668,0.0213980165746858,0.0338611067582852,0.722221067049267,4.7917730149286,1.08635103465888,41.0109235469942,33.9783548056544,0.449813529303065,0.00380254950248184,0.0587580671944764,0.00184097006296087,0.385411942543145,1.5230814171935,4.48093518326455,0.578738611578633,39.8529258732887,32.7932967822496,0.439751373317478,0.0301217609551236,0.181117125730839,0.0113048768976581,0.217207609733857,1.13109900813547,4.66112741534182,0.827651294244378
16087,Washington,ID,50.9,NA,8502145,2014,66.6422511680644,56.6117315458824,0.403573342735517,0.0535000122208784,0.289493641169284,0.0262606725131569,0.0343190168321973,0.960338778866546,7.22235798929939,1.44424951128064,53.010884656133904,46.6195932712739,0.360999836163097,0.00359874512839494,0.0391225540037684,0.00279321000313708,0.315485327027797,1.80863452168271,3.57292109996501,0.648735927049111,58.6474402949099,50.6094233136791,0.382687805220921,0.0258541038185144,0.149511953577331,0.0129604967665399,0.194361251058535,1.41539914904571,5.23546268531183,1.00446734165234
30001,Beaverhead,MT,46.1,46.7,11414659,2014,69.9706834210104,59.5281873312328,1.29295839999743,0.183063905252404,0.924432318070468,0.0522733345346234,0.13318884213993,1.27650163847797,6.38700736214263,1.48602868915959,61.6334375352395,55.2993963536707,0.446978957280529,0.00461206117530456,0.0535197448800049,0.00193761392952484,0.386909537295694,1.56227061451061,3.74327640853581,0.58151520124188,65.2622342664722,56.9978266004233,0.839672892060864,0.0872489651613678,0.453209634292795,0.024744700851956,0.274469591754745,1.4226617699712,4.99871960611443,1.00335339790238
30003,Big Horn,MT,54.1,46.7,11414659,2014,117.273046726083,98.4167509188435,0.483760816216046,0.02717693556698,0.211542606810852,0.168241532593879,0.0767997412443351,1.49106640806074,15.363367810312,1.51810077265047,56.6408285032794,46.5741143335535,0.384887332288945,0.001886908046548,0.0108308549441671,0.0025445315351616,0.369625037763068,1.839478945584,7.2052484952534,0.637099396599508,82.5842260106815,68.6778401372012,0.42814743945781,0.0129060945865121,0.096835323922328,0.0726414640773311,0.245764556871638,1.68149675105551,10.7753426583867,1.02139902458032
30005,Blaine,MT,44.2,46.7,11414659,2014,83.5319422003713,70.1684606311467,1.04844513935977,0.238159882894303,0.56256077001596,0.151104620103241,0.0966198663462705,1.30081404853824,9.79837372978029,1.2158486515463,57.8892365270278,49.9728288476116,0.394659023238513,0.00220149708660026,0.0300300001925168,0.00262626360643369,0.359801262352962,1.37194361835435,5.51577251939206,0.634032518431253,68.2725981169892,58.0813304768865,0.661093480799435,0.09877977338206,0.24530780748021,0.0624894963562704,0.254516403580895,1.34407752904721,7.308443168394,0.877653461862125
30007,Broadwater,MT,66.6,46.7,11414659,2014,47.6734351714115,38.9728659042041,1.13313664780738,0.267304273474772,0.690764922520928,0.101165328220983,0.0739021235906922,0.818555131972579,5.50157048642724,1.24730700100029,47.8148211252724,41.4202401358993,0.506632959022636,0.0060872169992049,0.0700210707956904,0.00203860335081182,0.428486067876929,1.44460007069488,3.95538813222541,0.487959827430222,47.7052047857186,40.1671449123723,0.814187431425901,0.134177441573997,0.373154383590481,0.0503762925342438,0.256479313727179,1.13473493790067,4.72695440447818,0.862183099541496
30009,Carbon,MT,31.2,46.7,11414659,2014,68.0684808005193,56.2749395188067,1.42951191199974,0.059898914738418,0.753293969427218,0.555678103886994,0.0606409239471072,0.834131729450725,8.18397195217592,1.34592568808619,43.0556195609227,37.8777708661891,0.427148737093072,0.00483567530159577,0.0372211697593294,0.00171602363291087,0.383375868399236,1.22409617544773,3.04143748152121,0.48516630067155,55.0102951946472,46.6339498854073,0.906998855568922,0.0313754914264786,0.379748199444249,0.264297344300181,0.231577820398013,1.03576605262991,5.5346367360101,0.89894366503095
30011,Carter,MT,NA,46.7,11414659,2014,71.4777640325101,63.4697630869005,0.569880761802468,0.0602070907078172,0.256135850449319,0.208439881930437,0.0450979387148956,0.964040661369007,5.23262467955897,1.2414548428791,65.1507702490523,59.9457448798752,0.433365368117861,0.00403640948168102,0.0303261543640719,0.00201781158228873,0.39698499268982,1.54105531670085,2.77804025412655,0.452564430231805,67.6196972029877,61.2317167545641,0.49470120419932,0.0268803426399571,0.118197084600739,0.0806586144199943,0.268965162538629,1.29804325723713,3.81847136547647,0.776764621510671
30013,Cascade,MT,59.4,46.7,11414659,2014,81.0767200953336,68.2739175529816,1.88135961330115,0.0773352559815043,1.61901768460183,0.110958528986904,0.0740481437309051,1.13151186776803,8.40563491103556,1.38429615024723,65.3817466546034,58.1841153349386,0.415981327545098,0.00550883420214357,0.0516726764452976,0.00216811223915472,0.356631704658502,1.69926869936533,4.59448561094913,0.487895681805303,72.2388427410197,62.5719086056755,1.0504983906642,0.0369803487269319,0.727348654714437,0.0488133926956813,0.237355994527151,1.4434337575414,6.28508870446084,0.887913282677746
30015,Chouteau,MT,41.3,46.7,11414659,2014,74.3121517870421,63.321580368377,0.719337457280116,0.068039596801671,0.527933348908492,0.0678309466027778,0.0555335649671757,1.14395631305564,7.89021158607494,1.23706606225446,51.7242634208333,45.1229734097727,0.475839051062055,0.00449160206473601,0.0538324665922851,0.0022504326111911,0.415264549793843,1.30843788489598,4.29727981370941,0.519733261393179,62.1582962194679,53.5004406942331,0.58994430321813,0.0334887902104354,0.26785986613623,0.031561087611841,0.257034559259624,1.23670123527757,5.9807196580313,0.850490328707751
30017,Custer,MT,62.4,46.7,11414659,2014,91.704876075075,82.0083801443309,0.579789629524014,0.0397714831525,0.29419543008433,0.203645757444511,0.0421769588426725,1.04958988258525,6.82965976969837,1.23745664893648,66.1116089233021,59.3439970902002,0.436736431565835,0.00411209110305091,0.0327428134309882,0.00202556858997528,0.39785595844182,1.9375798118108,3.85549751917369,0.53779807055159,77.58465936237,69.4957693372459,0.501938581592497,0.0199304710530354,0.145689910534981,0.0889372514448727,0.247380948559608,1.53677009408069,5.19830906742084,0.851872282030083
30019,Daniels,MT,NA,46.7,11414659,2014,75.0262506025257,65.0120232911276,0.498540022798395,0.0342634649233957,0.335547102179721,0.0827130653044281,0.0460163903908507,1.98941210952736,6.20877499404565,1.31750018502669,46.7749594950881,40.8547651376815,0.422329749192277,0.00513742285598645,0.0449417123916639,0.00169389516613869,0.370556718778488,1.42333897318645,3.64474312352047,0.429782511507469,58.497094630314,50.7632263125358,0.460890462738388,0.0173903453812986,0.161664241062156,0.033836775082477,0.247999101212456,1.69005446983365,4.77017098139579,0.812752403810346
30021,Dawson,MT,60.2,46.7,11414659,2014,67.9654312204861,59.8943305469982,0.352267789691648,0.0253614176668799,0.229272702994703,0.0674373207163499,0.030196348313715,1.16769006100758,5.42196485433936,1.12917796844926,46.8050545601169,40.8797810512762,0.418934651705288,0.00476705796753031,0.0414306342179068,0.00220148926956771,0.370535470250283,1.60021606601469,3.30795815711741,0.598164634003391,55.6408825902646,48.7904515946169,0.394605582308342,0.0135905090721079,0.118838473987658,0.0290826578411492,0.233093941407427,1.40508710258704,4.22528732922657,0.825450981525751
30023,Deer Lodge,MT,65.1,46.7,11414659,2014,102.682234095849,89.2184781705304,1.47214311531116,0.16507440741093,1.15645124297677,0.0659182776975286,0.0846991872259301,1.29762466991562,9.24409754642362,1.44989059366846,74.1961541357077,66.9127020043575,0.458984779401586,0.0048488458246720104,0.0636078117851383,0.00240528423679583,0.38812283755498,1.74362493637163,4.36688885106811,0.713953564508921,86.5539236172076,76.5017804347891,0.90232208618249,0.07533292769329,0.536490219458157,0.0295717736589319,0.260927165372111,1.53682140383258,6.57098063853028,1.04201905387319
30025,Fallon,MT,NA,46.7,11414659,2014,69.6394891203087,61.8208661373758,0.363982692391153,0.0279959179890015,0.232186637404859,0.0754195170672503,0.0283806199300428,0.964694570979725,5.37776754026363,1.1121781792984,42.2695736707759,37.0109077993511,0.374462142550333,0.00350275558307586,0.031467787159746,0.00145627655456263,0.338035323252949,1.46223543159129,2.99835537092994,0.423612926353279,53.7308318794251,47.3390459956812,0.374616226039222,0.0141960965918203,0.11556483156603,0.0320351759767855,0.212820121904587,1.23427860837277,4.05682685137289,0.726064197959005
30027,Fergus,MT,40.1,46.7,11414659,2014,83.3460654886659,71.521250359601,1.10593691214661,0.0741068261321771,0.735950176852097,0.234021067681105,0.0618588414812279,1.21217532576494,8.15432793687511,1.35237495427824,55.4343358618202,48.4305800402629,0.472159722010019,0.00528283282723561,0.0766948451125299,0.00178860848654893,0.388393435583704,1.64269838523007,4.29038460695743,0.598513107359706,67.7872314584854,58.5968815261469,0.757473843215489,0.0364958204085284,0.370670924140601,0.10432697850681,0.245980120159551,1.43322497751114,6.06012693879581,0.939524172816013
30029,Flathead,MT,57.1,46.7,11414659,2014,73.117529149979,61.9075478270981,1.43616217895711,0.0498679984150444,1.31716842914896,0.0265863931324919,0.0425393582606088,0.838948180603075,7.75532522775465,1.17954573556605,59.2320565044272,52.058102454636,0.48398205488763,0.00503621156323257,0.123696620063344,0.00162073180039487,0.353628491460658,1.14236393404686,5.03661053952137,0.510997521335382,65.1929592791796,56.1955523947321,0.908648784427169,0.0251148376782983,0.650820121824273,0.0125266943080618,0.220187130616536,1.00446335350841,6.27316257173808,0.811132174773818
30031,Gallatin,MT,29.8,46.7,11414659,2014,49.4087442002158,40.1705460686009,0.703948477306687,0.0836306462420979,0.495507314442416,0.0818888199561724,0.0429216966660004,0.793545321045842,6.5474100991117,1.19329423415062,38.4528546619296,32.6863838581107,0.392576524819222,0.00393445497887256,0.0395850149395763,0.00143550105477627,0.347621553845996,1.1962720433181,3.69898099231272,0.478641243368832,42.966214121406,35.6885170916517,0.52790087234466,0.0383477161645513,0.233670831667676,0.0352120039648409,0.220670320547592,1.00980337305044,4.95070485040032,0.789287933958924
30033,Garfield,MT,NA,46.7,11414659,2014,60.3057620886587,52.1153477127327,0.616661224424332,0.046351178588743,0.363795204236659,0.157066233348749,0.0494486082501814,1.04477129732085,5.35446870450968,1.17451314967118,51.8013454365974,46.2295176081972,0.452142320430407,0.00485553288608185,0.0438903099353454,0.00200192078026196,0.401394556828718,1.53744597807141,3.12258303580787,0.459656494090505,55.1852418277389,48.4201682814183,0.529829758774374,0.0234752831934595,0.183363672679243,0.0682216446403131,0.254769158261358,1.30795820406612,4.15085001874972,0.776435564730383
30035,Glacier,MT,49.5,46.7,11414659,2014,100.574311248183,79.9180163139675,1.09460235561163,0.0617542142566917,0.867553992551635,0.0522177232528045,0.113076425550503,1.31898817893362,16.8816735796836,1.36103081998703,80.3346641141174,68.4560356084395,0.474767868115375,0.00579738670693347,0.0423815928979148,0.00358333678605272,0.423005551724474,1.47556471918338,9.26319560149531,0.665100316883864,89.0875494185249,73.325133071662,0.745872485907018,0.0303614122736927,0.401150397833416,0.0246495808269202,0.28971109497299,1.40903584431473,12.6333768349311,0.974131181710062
30037,Golden Valley,MT,NA,46.7,11414659,2014,57.3276325049525,47.787458264299,1.23153472636626,0.0930019670348852,0.701319692038112,0.353378227976223,0.0838348393170436,0.961966827772493,6.02713693154245,1.31953575497231,55.8654217644005,49.8211992463733,0.476229278712055,0.00582353243424955,0.0521280263540653,0.0023496023851837,0.415928117538556,1.43440013672282,3.58601724145806,0.547575861134298,56.934921911628,48.9300125842269,0.900706571851114,0.0545747724732214,0.418146282750385,0.201445030701279,0.226540485926229,1.18513831472849,4.9439108605513,0.975153580270104
30039,Granite,MT,NA,46.7,11414659,2014,66.6792786669244,57.2326199199688,0.939345205150353,0.105221509071529,0.714911544331439,0.0534842781862223,0.0657278735611633,0.847999758122027,6.42988986113212,1.22942392255113,56.7881776299438,51.0256272385326,0.48243546918164,0.00534734406540862,0.0829332787261658,0.00206105997534616,0.392093786414719,1.23167681199917,3.57353616500594,0.474901945224469,61.5453649551023,53.9407713599478,0.710197681134342,0.0547448500909459,0.39394148841767,0.0272307480189061,0.234280594606819,1.04081980413076,5.00539415248324,0.848181957406178
30041,Hill,MT,62.9,46.7,11414659,2014,86.204046349086,73.763928908825,0.852712207689308,0.0800145393770374,0.624875229933023,0.0853864969101962,0.062435941469052,0.994066992822716,9.39803283599173,1.19530540375724,57.459897855026,50.6747359584688,0.443245485814387,0.00550889667263424,0.0581740053696817,0.00253432568453163,0.377028258087539,1.50790436341261,4.0477319557982,0.786280091531974,69.4463937209622,60.2472479656901,0.6146014003194,0.0364136255425584,0.287629622585457,0.0357293584354717,0.254828793755913,1.28660985593411,6.34371469222664,0.954219806791943
30043,Jefferson,MT,43.4,46.7,11414659,2014,83.707033430384,73.0612822362347,1.11093172050509,0.263843858395487,0.720798725215815,0.0579401380228918,0.0683489988708993,0.94075170928587,7.30603567696028,1.28803208739809,59.0309561062006,52.6980102061575,0.468617358822191,0.00470660626859034,0.0662571312365588,0.00142435761462952,0.396229263702412,1.16618845082691,4.19894930536894,0.499190785025036,70.6816374979596,62.2710163710044,0.771963290486369,0.126287163100483,0.371799087294414,0.0275988246079383,0.246278215483533,1.06147580997291,5.70382137924278,0.873360647253111
30045,Judith Basin,MT,NA,46.7,11414659,2014,51.8945743649783,42.5869907250986,1.02864297003291,0.0869772560093336,0.739034912793526,0.135156824169944,0.0674739770601047,0.964033064711161,6.01201273110297,1.30289487403271,31.2195352195617,25.5751040846631,0.455999328785954,0.00615582270084979,0.0655841864958925,0.00178579855631028,0.382473521032901,1.1422707324072,3.63103548903142,0.415125584674031,41.2136014799042,33.7753545037894,0.730381503100441,0.0449569804488602,0.384371087201862,0.0646176035293574,0.236435831920362,1.05892137413088,4.80261150144882,0.846332597434682
30047,Lake,MT,56.9,46.7,11414659,2014,60.6911857235454,49.7238251792586,1.14009452695189,0.0805798450097155,0.968455068543014,0.0229246946541862,0.0681349187449757,0.680467812006219,7.88952733642934,1.25727086889931,50.3550697091256,42.3157124948891,0.458345164174213,0.00326797446864381,0.0759932145563642,0.00170986816983494,0.37737410697937,1.43988875667249,5.51059630124101,0.630526992148819,55.0374335136204,45.6387074538674,0.771668168809974,0.0387248313909148,0.481938383890817,0.0112972812585491,0.239707672269693,1.08898155243629,6.62000517548706,0.91807116301971
30049,Lewis and Clark,MT,50.3,46.7,11414659,2014,80.2367159626115,69.0870677702364,1.10310542301123,0.113347346420032,0.893549837072989,0.0451183908019715,0.0510898487162407,0.926049241772205,7.73541059574461,1.38508293184704,60.4236735291508,54.4251931643492,0.436065199472398,0.0044590305319362,0.0797946228931241,0.00146899741731168,0.350342548630026,1.13658745211346,3.96347074901693,0.462356964198842,68.6203416169686,60.4052172639575,0.715455310709405,0.0500657943438775,0.414112242404828,0.0191934779788035,0.232083795981897,1.05059504547317,5.59071300461524,0.858360992213315
30051,Liberty,MT,NA,46.7,11414659,2014,51.1466220082724,40.5654710436966,0.886236191546371,0.0978607185665849,0.611081944613938,0.108432260445259,0.068861267920588,1.0038000390649,7.41149526365838,1.27961947030606,46.1942126213565,39.7552861162826,0.584960387487589,0.0167258428297242,0.0873905572939842,0.00339700601794327,0.477446981345937,1.30464741661301,3.78231819679049,0.767000504182744,48.252539423399,40.0061205531197,0.716641502954407,0.0511995765172261,0.305182968703168,0.0466385689028721,0.31362038883114,1.17253537045767,5.3738728279325,0.983369168934768
30053,Lincoln,MT,77.1,46.7,11414659,2014,79.6086879988749,48.5838128991107,21.4690866477312,0.0736693023732382,21.2749452486852,0.0384775091198801,0.0819945875528743,0.764011540797642,7.5774803936496,1.21429651758569,71.6546091694069,62.0654923489375,1.01763885471945,0.00116151649887446,0.963044933211636,5.6663050088379e-4,0.0528657745080527,1.17376636830373,6.66744870980839,0.730262887637888,75.1457180619183,55.146967942973,10.9332164464642,0.0366499159568314,10.8095873243487,0.018849751408215,0.0681294547504195,0.973798641304414,7.12832806136048,0.963406969816196
30055,McCone,MT,NA,46.7,11414659,2014,67.6182364568748,58.7181336022284,0.468941025513258,0.0333588222795288,0.307923505715879,0.0883181956847206,0.0393405018331296,1.49618244502768,5.70695854259616,1.22802084150921,42.9238371965674,37.3707494513482,0.436926615214487,0.00460318600134818,0.0436270696830988,0.00204387854863003,0.38665248098141,1.57518336788905,3.06392411243619,0.477053649679526,54.9173709454617,47.7211382956644,0.45328352147931,0.0186793710777356,0.171468153346709,0.0438012115269288,0.219334785527936,1.53723949975302,4.36059005366478,0.845119574900224
30057,Madison,MT,39.5,46.7,11414659,2014,56.844671851201,47.5586242769397,1.28969267123943,0.328136645984677,0.787628548444384,0.0773544638757305,0.0965730129346352,0.816420256971182,5.90110335727366,1.27883128877701,38.1163605297742,32.8308025158364,0.451931886313187,0.00524719758597007,0.0523424213624698,0.0018963714952615,0.392445895869485,1.25334897911394,3.06306468053562,0.517212467975012,46.9452905112602,39.6974879370703,0.858740797674635,0.161458508016906,0.406604062402042,0.0378458149998711,0.252832412255816,1.0361103602949,4.4667284670239,0.886222949196432
30059,Meagher,MT,NA,46.7,11414659,2014,62.3521212088073,52.4978229199134,1.1121759274497,0.118636724084574,0.796216653663262,0.118280322563659,0.0790422271382093,1.09211402093438,6.16622534926159,1.48378299124822,54.4048212877608,47.8432527281932,0.570477104620777,0.00580982355083905,0.066495760360052,0.00228166961085189,0.495889851099034,1.40394589115039,4.06001923213913,0.527126331657282,58.0863485232578,49.9370545546478,0.827110330864413,0.0582369007047133,0.401831202275216,0.0548162632694748,0.312225964615008,1.25888923402862,5.08935510019814,0.973939303518866
30061,Mineral,MT,45.9,46.7,11414659,2014,98.800632710281,84.0325682538263,3.64348540126421,0.300742011869669,3.12648611205964,0.108022498014784,0.108234779320121,1.05387994497953,8.67770524053127,1.39299386967959,50.5156920540179,43.5073873115557,0.451862333523577,0.00416378555155907,0.116860943236116,0.00231863979018326,0.328518964945719,1.31578308027097,4.66077974498723,0.579879583680509,75.1189056450447,64.1469248128571,2.07386314668743,0.154740829789498,1.64425905500077,0.0555560063849001,0.219307255512257,1.18579709618571,6.72006321895588,0.992257370358564
30063,Missoula,MT,44.9,46.7,11414659,2014,69.3037302379865,57.8495431426295,0.997699681763552,0.050464308476176,0.885809731257772,0.0252147714039495,0.0362108706256545,0.79066389056982,8.48206473278852,1.18375879023516,59.2104360379619,50.6649283916737,0.401537612006485,0.00304782176805066,0.0874906268212434,0.00142757130382487,0.309571592113366,1.42893754376961,6.12711531726543,0.587917173246629,63.1956833973795,53.4190692448191,0.658412008104826,0.0235784715068035,0.426371085605532,0.0114120944693937,0.197050356523097,1.14395394044621,7.12920311323834,0.845045090770963
30065,Musselshell,MT,59.2,46.7,11414659,2014,93.9752204420517,79.9065539911156,3.66437873598731,0.0917300786271776,0.849616461692641,2.61809795172726,0.104934243940228,1.18986102830656,7.76289098984699,1.45153569679529,87.8776688846506,80.1401112390388,0.517776912503715,0.00587507494508372,0.0576700652515414,0.00246242300877219,0.451769349298318,2.22869820124371,4.25659349462112,0.734489037243203,90.3364412874747,79.657333569611,1.95986459634859,0.0461625973797381,0.42444545611131,1.18980783059043,0.299448712267107,1.73345203157141,5.91947790347581,1.0663131864679
30067,Park,MT,42.3,46.7,11414659,2014,61.7242887385144,52.3532888536204,1.10861967636901,0.0706566135099255,0.848174141792341,0.12990468562485,0.0598842354418972,0.78644909627428,6.18115489189307,1.2947762203576,43.3372915275052,37.8592818449839,0.419431638015558,0.0047949466570372,0.0434890951301307,0.00174045192393862,0.369407144304451,1.0704860057215,3.45486540154828,0.533226637235962,51.5171098445334,44.2830552638988,0.727049938242841,0.0345505566464338,0.401712899947264,0.0588781789600808,0.231908302689062,0.935112169063151,4.69215516992771,0.879737303400925
30069,Petroleum,MT,NA,46.7,11414659,2014,74.0759629564973,64.6481843214846,1.13328741002497,0.0731995183550128,0.587972471393289,0.401154213243852,0.0709612070328118,1.08576297422117,5.99002366798651,1.21870458278014,49.4030948064574,42.929349173051,0.463769386060886,0.00600885200600106,0.0615785206538271,0.00220882800843403,0.393973185392624,1.83839780546864,3.58687465259203,0.58470378928479,63.2977559232875,55.1825097513449,0.835786559606888,0.0432168727205987,0.355272361477379,0.226838746112334,0.210458579296577,1.43067537852116,4.9110699141855,0.937714319629071
30071,Phillips,MT,45,46.7,11414659,2014,101.106870651602,89.2107132160792,0.784716259696346,0.0710083661295181,0.484891255777318,0.170655819544501,0.0581608182450089,1.55192211117722,8.16274041172115,1.39677865292849,57.5044407533941,49.6162882230491,0.513624793747053,0.00488190693097827,0.0559606801311301,0.00238646030713511,0.45039574637781,2.18086409190217,4.58495693652894,0.608706708166862,76.2442111146375,66.5839226265386,0.634424056333558,0.0337607931244437,0.240307044809502,0.0738191569910278,0.286537061408584,1.89435677707322,6.17600474221511,0.955502912477006
30073,Pondera,MT,70.3,46.7,11414659,2014,68.8824409942959,58.6513458169486,0.737484430482687,0.0604108279542162,0.574777514298574,0.048551332134149,0.0537447560957481,0.989122244756648,7.28334049800875,1.22114800409919,56.2876087772731,49.2228826099819,0.554907811942668,0.0135597848534094,0.072629311439279,0.00215961756857923,0.4665590980814,1.40769927280204,4.49664281453122,0.605476268015247,61.4243465985591,52.9918253224343,0.635097391095233,0.033398074126798,0.281347161180144,0.021272341000998,0.299079814787293,1.22162731297882,5.70925705467089,0.866539517379858
30075,Powder River,MT,NA,46.7,11414659,2014,69.6352082402459,60.3856555900366,0.821086459614237,0.0618195845773723,0.341991959077376,0.363282176718969,0.0539927392405189,0.971009395241527,6.15501809758251,1.30243869777102,51.1248535609355,45.8386751834789,0.418875348805274,0.00418065205682308,0.0309957356748592,0.00175136891251737,0.381947592161075,1.35314018483213,3.04019142871349,0.473971415105724,58.6828340653495,51.6714144244025,0.591954701803763,0.0292531473832291,0.163098241184615,0.153205469453764,0.246397843782155,1.17463521419729,4.40900961128088,0.835820113665103
30077,Powell,MT,75.7,46.7,11414659,2014,89.3351714932021,79.2316815330329,0.899874331139949,0.100587840627475,0.69588983169353,0.0425064051718614,0.0608902536470827,1.07726926716709,6.74134639676105,1.38499996510104,57.060488693657,50.7963508765006,0.487601954393873,0.00497281931073756,0.0812683516200918,0.00231146285105277,0.399049320611991,1.30778860565231,3.93862429996354,0.530122957146698,71.6201957607607,63.5439149269059,0.674928909620795,0.0487464947275135,0.352672189550877,0.0200278851484319,0.253482340193973,1.19389045674713,5.26277021368854,0.944691253798354
30079,Prairie,MT,NA,46.7,11414659,2014,69.5419770637652,60.0174199816723,0.529425506752756,0.0409188735836572,0.306929029517393,0.135961185723392,0.0456164179283134,1.41578956686637,6.22115754328251,1.35818446519129,47.0354490476541,41.7525482243098,0.409834762934401,0.00463880077023008,0.0354675981352005,0.00238854601119319,0.367339818017777,1.52756389279438,2.86040341634668,0.485098751268884,57.7724730463845,50.4189399599527,0.470234514426254,0.0223391343736597,0.166575437725709,0.0660735120075562,0.215246430319329,1.46962623259999,4.50810959822356,0.905562741181945
30081,Ravalli,MT,40.7,46.7,11414659,2014,68.6244053985475,57.5621916154034,1.03279112950722,0.0711112665663091,0.865133530760497,0.038005927602904,0.0585404045775149,0.894022169447625,7.76950294101067,1.36589754317859,51.0955039863838,44.0758402530351,0.441821541038244,0.00410978185713817,0.0607678022126987,0.00208821820925811,0.374855738759149,1.6127486187799,4.38757171542933,0.577521858101316,59.0455338616845,50.1233606516739,0.716945624456568,0.0350801911225212,0.430302315893065,0.0184134935018596,0.233149623939122,1.28250987878652,5.9804217875167,0.942295919250889
30083,Richland,MT,63,46.7,11414659,2014,80.1198682851861,71.1807770995771,0.343628768621332,0.0206972563582553,0.2499057509406,0.0472447351350126,0.025781026187464,1.34506234207966,6.09144304934231,1.15895702556567,58.2504398295879,52.6210200289105,0.344276958958086,0.00370279031186468,0.0358726497251874,0.00143600427135137,0.303265514649683,1.45178514163246,3.37126076843579,0.462096931651002,68.0311831004513,60.8591287519558,0.345094079441642,0.0116557220074268,0.13333514364426,0.0222993257518408,0.177803888038114,1.39422284076414,4.64396962029112,0.788767807998592
30085,Roosevelt,MT,56.4,46.7,11414659,2014,93.8271162744901,80.0119973574425,0.212478512344992,0.013334399158629,0.130933210646279,0.0278663638195516,0.0403445387205325,2.06158404654296,10.2430019253761,1.29805443278357,58.7858532861592,47.4603849274966,0.383566123235315,0.00141195819986339,0.0124909168054951,0.00280701430557348,0.366856233924383,2.13744779983393,8.18022919304622,0.624225242547122,72.7632719014179,60.3635802056041,0.320693777756229,0.00625010488326932,0.0582954110570706,0.0123805871869288,0.24376767462896,2.1213035574645,9.05472382927821,0.90297053131481
30087,Rosebud,MT,53,46.7,11414659,2014,64.5530707760211,52.5834610349,0.819692403220504,0.0424042899981234,0.428210486003306,0.279884459965307,0.0691931672537676,0.958370593810009,9.03188548889555,1.15966125519513,68.5923308907024,59.0595096940388,0.472270929470587,0.00198586868443439,0.0231816395034532,0.00228069162045675,0.444822729662243,1.82857638855868,6.63467702997504,0.597296848659238,66.4809100503868,55.8021373701355,0.634238132558093,0.0209188807885266,0.210213399284139,0.129965539667774,0.273140312817653,1.41347779226762,7.77086856738025,0.86018818804530806
30089,Sanders,MT,54.3,46.7,11414659,2014,67.2640191859328,55.2306793208877,3.0295016966991,0.128508222425452,2.77207440399264,0.0428306880153209,0.0860883822656918,0.886183254148804,6.76114283983408,1.35651207436318,49.0355384152248,41.8142652475174,0.534337652057102,0.00376159473682868,0.171546614263457,0.00187107245426179,0.357158370602554,1.447763699295,4.60131979388085,0.637852022474442,57.9523979641057,48.3320343432223,1.76552261010254,0.0652462777858792,1.4496442979175,0.0217080524731917,0.228923981925967,1.17204481460176,5.6942440427135,0.988552153465612
30091,Sheridan,MT,54,46.7,11414659,2014,81.1161282454905,69.2727946482637,0.526031164295503,0.0306938946768175,0.378683759565471,0.0720774715810511,0.0445760384721634,3.39335836201023,6.52340718907301,1.40053688184801,45.2228430685041,37.7187677477743,0.420381696420378,0.00464378833480163,0.0431786208641867,0.00172237611129072,0.370836911110099,1.62325308339805,4.99912323786673,0.461317303044567,60.2798109777564,50.8792330004198,0.466480557362748,0.0159138014745671,0.183101689973028,0.031103603436651,0.236361462478502,2.40430951183044,5.65836916595035,0.871418742192998
30093,Silver Bow,MT,53.9,46.7,11414659,2014,103.816590139938,92.2862696116165,1.67020170482071,0.865879711983913,0.633198787173501,0.0835961034079682,0.0875271022553225,1.321896088489,7.17626483144947,1.36195790356274,87.4232087009113,79.6771746514286,0.439670792288646,0.00510328202887257,0.0508983185228267,0.0025131496206077,0.381156042116339,1.7454222397812,4.64026492791103,0.920676089501862,93.7216815419447,84.4019511828371,0.934670783407619,0.349556619856883,0.282428114178099,0.034414284786548,0.268271764586089,1.56256413472827,5.72285241521942,1.0996430257524
30095,Stillwater,MT,36.8,46.7,11414659,2014,62.1221970137446,53.1385824874267,1.03301446055153,0.109963629739745,0.667462855455196,0.19627707619643,0.0593108991601567,0.648035985340826,6.16493377856556,1.13763030186003,62.272718187209,55.2721761256838,0.499834834487763,0.00602824183019475,0.0516371692013556,0.00176854797707102,0.440400875479142,1.3544484688665,4.61508295143775,0.531175806733199,61.9788316713314,54.0047902997165,0.759183638409235,0.0562456715591657,0.347442962514585,0.0940598725870573,0.261435131748427,1.0087448916635,5.3836334759297,0.822479365612458
30097,Sweet Grass,MT,NA,46.7,11414659,2014,49.1461074692396,40.4212532263657,1.30553000201669,0.0929922554459803,0.958703240190419,0.18407699861627,0.0697575077640153,0.786386831534035,5.46382037792654,1.16911703139659,53.1182041594129,47.2489027744288,0.488791655165704,0.00573165166448685,0.0577989286620931,0.00189242609752571,0.423368648741598,1.22331996148912,3.65577778441439,0.501411983914904,50.9920424571067,43.8427145661492,0.852858337438768,0.0445055199795394,0.453225696247803,0.0802081052360883,0.274919015975338,1.0184099228982,4.48172145963517,0.796338170985343
30099,Teton,MT,52.8,46.7,11414659,2014,66.699217280653,56.9765257959805,1.1584808217395,0.141387385165031,0.884448930397717,0.0658260631578368,0.066818443018914,0.959522640672391,6.34479888391345,1.25988913834718,46.2570479195062,40.6161849585216,0.515573360013176,0.00828421147995574,0.0914904642124162,0.00194145514570954,0.413857229175095,1.17906943917185,3.48734591311762,0.458874248681937,55.6354356438847,48.0875249308292,0.812968487009154,0.0696330426556573,0.453851493133668,0.0309664302345196,0.258517520985309,1.07718240125724,4.82572075531304,0.832039069476037
30101,Toole,MT,48.7,46.7,11414659,2014,99.1952664908013,85.075045679162,0.972421179993595,0.0875771170210299,0.711620451644907,0.105045902523465,0.0681777088041929,1.05673972174379,10.7057129087962,1.38534700110567,64.2803619702911,56.6995783270413,0.565931296633334,0.0178338385818628,0.0988694642173646,0.00283777826600337,0.446390215568103,1.49683676503203,4.81283040803063,0.705185173553739,77.9998348258145,67.7031121629042,0.731706713942222,0.0464412766926134,0.342590585855602,0.0430376184824178,0.299637232911589,1.28794335987288,7.28564591148551,0.991426677609683
30103,Treasure,MT,NA,46.7,11414659,2014,65.936675157763,55.3553002438029,1.20620449530576,0.0690475393610372,0.563327185632743,0.500341267896783,0.073488502415192,0.902182357374794,7.1360289888864,1.33695907239316,38.2979181180117,33.041365841332,0.451719596511684,0.00592504895636279,0.0403719287710554,0.00216278625483322,0.403259832529433,1.31864837218108,3.04592544375289,0.440258864234017,51.8839396499055,43.9876358032077,0.818620915598931,0.0370479233143406,0.293327565946516,0.242922852183936,0.245322574154138,1.10994013293898,5.07802602586005,0.889716772299905
30105,Valley,MT,43.7,46.7,11414659,2014,68.9867986374011,59.1530026086255,0.547953691075121,0.0350564172744401,0.386758290300537,0.0785454210132985,0.0475935624868459,1.32842427049615,6.77695478437117,1.18046328283318,49.6240137356704,43.814068260205,0.38947525685333,0.00321456397723981,0.0341256054192302,0.00135225825927326,0.350782829197586,1.58611486670232,3.35500698971535,0.479348362194426,58.0899856585636,50.4530158766545,0.461648896266503,0.0176173805498076,0.189929282522605,0.0353614406868725,0.218740792507218,1.46756245971906,4.90895591072247,0.798802515201109
30107,Wheatland,MT,NA,46.7,11414659,2014,56.9910728298246,47.2166370204269,1.18996941054002,0.116766106878747,0.711088021144246,0.267590438030921,0.0945248444861039,0.956973388370774,6.14416112906031,1.48333188142655,45.1509934080744,39.0509261941695,0.562372213619786,0.00729279223147935,0.0548537344014295,0.0035393984377856,0.496686288549091,1.30148769650465,3.70692885119493,0.529278452585524,50.128990460794,42.3567461559777,0.843338132501928,0.056114859251202,0.341430832668558,0.116828820168685,0.328963620413483,1.13654040933415,4.83373744442881,0.958628318551398
30109,Wibaux,MT,NA,46.7,11414659,2014,81.2605827428705,72.6149628961892,0.426190178131191,0.0334976178457553,0.257723947292022,0.0946967143061806,0.0402718986872333,1.3499673589688,5.53088063173922,1.33858167784204,57.0638582765222,50.7602575532602,0.480217024905899,0.00514540689756842,0.0385185456526644,0.00292333075160041,0.433629741604066,1.8435073891928,3.43879319356229,0.541083115600958,67.0022889160221,59.662808553036,0.46630887405739,0.0172853047731417,0.127837249230826,0.0396068523254051,0.281579467728017,1.62204253015727,4.36572644162285,0.885402517148638
30111,Yellowstone,MT,57.4,46.7,11414659,2014,82.1339927440639,71.4008349587441,0.781698516460634,0.0271007831147843,0.552522057138447,0.166046735993115,0.036028940214287,0.790186236876612,7.86912494907954,1.29214808290301,62.7108331738416,56.1839352447966,0.413279457704886,0.00375917782765883,0.0332453982847088,0.00140881814312653,0.374866063449392,1.52303271253118,3.95310709808331,0.637478660725643,70.5301265410367,62.2331219029402,0.566640268538573,0.0135657402861723,0.245324705601424,0.0679618784887882,0.239787944162188,1.20254055008365,5.61471856525,0.913105254224261
56001,Albany,WY,32.3,331.6,12218862,2014,72.9830605582918,61.9441933247161,0.84611871116582,0.0636319283241305,0.425029301645606,0.301244316335398,0.0562131648606855,0.807430634583161,8.00760027900845,1.37771760881833,53.7912126307531,46.6783832019574,0.393388863510403,0.0108476815876199,0.0174833100975401,0.00163721513983118,0.363420656685412,1.4854252405038,4.6488602259329,0.585155098848611,62.0508105338781,53.2027466077274,0.588878736480834,0.0338146177649902,0.191772972441582,0.127601275537242,0.235689870737019,1.17844653597045,6.14815212997692,0.932586523722534
56003,Big Horn,WY,44.8,331.6,12218862,2014,66.082700631825,56.3282504108582,0.682805224691612,0.0451888608037855,0.351525130246047,0.236055269949323,0.0500359636924562,0.820371953395574,6.79785704028757,1.4534160025921,55.5084956543117,49.8526654315092,0.434528674766,0.00533624049540192,0.0279594171854678,0.00184582483511896,0.399387192250011,1.23791462672959,3.39548721172045,0.587899709586536,60.4267841377801,52.8121583029994,0.552621228015214,0.0243045906412433,0.180647322097599,0.111991499825855,0.235677815450517,1.0347257676286301,5.02613091185598,1.00114792728091
56005,Campbell,WY,57.8,331.6,12218862,2014,92.7898439071513,82.8488533440653,0.768464592769365,0.0607192149145538,0.2736084322228,0.392430526455773,0.0417064191762383,0.754006645556777,7.16648449055019,1.25203483420969,91.7649560664894,85.6418364369355,0.392861161821528,0.00443616642161679,0.023583798813827,0.00123508309705897,0.363606113489025,1.29055151530068,3.82686473965855,0.612842212773179,91.6938543125107,83.8958246104792,0.555678579485418,0.0292331518750486,0.130940123478684,0.168485752060788,0.227019552070897,1.0348332169139,5.31333978354555,0.894178122086665
56007,Carbon,WY,45.7,331.6,12218862,2014,83.2560335016695,73.9239174903234,1.21507061415529,0.088439024028598,0.551642486954538,0.479367738996779,0.0956213641753706,0.774215198932938,5.90367257219173,1.43915762606621,68.5538236299046,62.3104795714574,0.465936704052539,0.00675807866097568,0.0187185916594984,0.00148155136263959,0.438978482369425,1.44937399715913,3.75027708988328,0.577756267352296,75.3454246588469,67.6246360973865,0.819342281814191,0.0456147629761388,0.269191020656714,0.222474822124097,0.28206167605724,1.11491041892681,4.79400781213353,0.992528048585852
56009,Converse,WY,31.9,331.6,12218862,2014,98.2745421169982,88.4220970305189,0.795591021536655,0.0726466552596375,0.354902246825969,0.316687482508775,0.0513546369422735,0.748063748233196,6.96766514452943,1.34112517218005,70.561448876206,63.9620303839285,0.458695865023651,0.00611536772360096,0.0222010335333183,0.00152721928331414,0.428852244483418,1.37412778362413,4.20248929903641,0.564105544593296,83.2465970166935,75.1469477339455,0.611965839662347,0.0367782080615659,0.173529610526902,0.145484305437333,0.256173715636546,1.07524336720902,5.48333785111654,0.929102224760132
56011,Crook,WY,50.6,331.6,12218862,2014,90.717791932277,82.7430987004535,0.559762290249326,0.0847046316794784,0.22724666729796,0.212014197853975,0.0357967934179124,0.748736648679258,5.53648988794351,1.12970440495138,57.856878360379,52.6258402414841,0.396519305619751,0.00413224424283752,0.0271605645107739,0.00144767077483277,0.363778826091306,1.4278778353112,2.94639957020269,0.460241407761242,73.7728287994351,67.1938325327047,0.477717094820257,0.0430416992971474,0.123278741174342,0.101549717031109,0.209846937317658,1.09960713127258,4.21689343036251,0.784778610275049
56013,Fremont,WY,36.2,331.6,12218862,2014,86.1229589138301,75.9624583050345,0.568758619685894,0.0370478535493778,0.319708845505456,0.143040844568376,0.0689610760626845,1.05626286973246,7.03790701050259,1.49757210887465,68.9936960616505,61.2833750404631,0.428602266789399,0.00283399121434625,0.0165333964429674,0.0011652622209382,0.408069616911148,1.58734988395309,5.04377010473051,0.650598765714417,75.9913725682661,67.2143112753995,0.489681725207517,0.0178311961869632,0.147356363072981,0.0618461742900854,0.262647991657487,1.34136928660576,5.92056259489132,1.02544768616204
56015,Goshen,WY,38.7,331.6,12218862,2014,71.5954649597722,61.758193041627,0.535379546259543,0.0602205700276735,0.275775777616118,0.155710545813822,0.0436726528019301,0.818501292137781,7.16451987609741,1.31887120365053,44.8992651951971,39.2020478451829,0.392626789842208,0.00495256769325154,0.0160127155086164,0.00182616492306107,0.369835341717279,1.19052030002139,3.58286686946235,0.531203390688241,56.537083885474,48.9902744431734,0.457714605232345,0.028898494079513,0.12535080455207,0.0653107329005141,0.238154573700248,1.02109252238914,5.18798920630676,0.880013108372379
56017,Hot Springs,WY,38.9,331.6,12218862,2014,75.3340442026299,65.6281463979034,1.02732559453804,0.066965471101519,0.455971313101164,0.411712827656593,0.0926759826787673,0.845921947479357,6.23472358863811,1.597926674071,65.5500243442433,56.5847331724012,0.589543717612657,0.00944133828455118,0.0366001429505669,0.00247231536576558,0.541029921011773,2.28720699275395,5.09958309574255,0.988957365732985,69.3003084387088,60.0505324564,0.781626282288644,0.0345707350590149,0.218062462863706,0.176073870883952,0.352919213481971,1.62596692892744,5.59840754877581,1.24377522231691
56019,Johnson,WY,59.1,331.6,12218862,2014,77.2816906903607,66.9297195442486,1.57254796158606,0.0927065669700208,0.500007464264258,0.910367925345451,0.0694660050063292,0.803215156634238,6.59110172735361,1.38510630053815,49.0103946303629,42.9122368809074,0.434909333876817,0.00509413399950794,0.0272464230561941,0.00160247787616144,0.400966298944954,1.18392265273835,3.8847318229018,0.594593939938464,62.2315099948723,54.1261763996437,0.959097177106585,0.0460197628118408,0.24549853445343,0.413792679009358,0.253786200831956,1.00514235748756,5.17880162441244,0.962292436222113
56021,Laramie,WY,47.5,331.6,12218862,2014,87.6481583926225,74.9877304183918,0.823620870380606,0.0618100256878442,0.659512209881688,0.0620968929437907,0.0402017418672838,0.891041267323858,9.64779365985575,1.29797217667043,61.071341121336,54.7909199556084,0.349710313183117,0.00527069090480043,0.0144940305446861,0.00123561759221421,0.328709974141417,1.28582701640686,4.1069817059568,0.537902130180864,71.9811243800555,63.0040583690819,0.546947401720633,0.0290977506044819,0.280128117924456,0.0260362945680143,0.211685238623681,1.11256766738852,6.45428844119024,0.863262500674238
56023,Lincoln,WY,32,331.6,12218862,2014,71.8356544433726,59.423705926643,2.35908628191877,0.167372941847475,1.19675407459855,0.833769045668035,0.161190219804713,0.819187914627212,7.64106201989273,1.59261230029085,35.3572648533426,29.413198069692,0.503476024196442,0.00630642714866906,0.0275321175910413,0.00137295317621264,0.468264526280519,1.09089691032105,3.78028375426785,0.569410094865222,52.4213305907329,43.4291850325695,1.36002692464247,0.0812719697371059,0.566843270249777,0.379540594737633,0.332371089917956,0.962845715582892,5.61984780529809,1.04942511263998
56025,Natrona,WY,53.6,331.6,12218862,2014,99.7344597659292,88.1876800791819,1.74900371273632,0.0493724081802594,1.39451538743598,0.240989531600913,0.064126385519165,0.824049943209389,7.44541491186096,1.52831111894063,83.2777363462034,76.7815883873587,0.414221393482071,0.00557250358400501,0.0221172224855388,0.00162798728002607,0.384903680132501,1.34309699460314,4.033370905485,0.705458665274405,89.4071400223721,80.8042235474161,0.961757162625943,0.0239808278642971,0.58387525531156,0.098898193967416,0.255002885482669,1.10725136627322,5.47994431627446,1.05396362978229
56027,Niobrara,WY,NA,331.6,12218862,2014,81.4851930303129,71.9872411269479,0.547318403743728,0.118230226989703,0.252991511602851,0.124169433700669,0.0519272314505053,0.851726036759032,6.74349680074765,1.35541066211459,52.8295752198204,46.0752577986769,0.478038066313848,0.00539519825970224,0.0225477474211036,0.00203480860812591,0.448060312024917,1.89620468570217,3.79879811932393,0.581276549803568,65.5729353417267,57.5745836899174,0.511740973419932,0.0550692436657686,0.123047287899661,0.0548807465030842,0.278743695351419,1.43849815250616,5.12695710243617,0.921155423446956
56029,Park,WY,31,331.6,12218862,2014,60.9093934970803,51.4816895187541,0.66913881497266,0.0425841443548435,0.467674778228922,0.111535815686095,0.0473440767028002,0.885348800880406,6.51383767800613,1.35937868446693,47.8601460873495,41.9263993051859,0.432249582082693,0.00473170647546651,0.0311808152936312,0.00143312887417826,0.394903931439417,1.07372581615131,3.88667833144306,0.541093052486625,53.2747229955919,45.7908382999292,0.537297820487598,0.0213023935687484,0.21906846952512,0.0481148751512062,0.248812082242524,0.982628008845805,5.06397443737957,0.899984428949703
56031,Platte,WY,27.4,331.6,12218862,2014,73.4973359849498,63.9899405121823,0.613813810469496,0.101935217875733,0.329167599196382,0.133680559307023,0.0490304340903572,0.709312204271441,6.8703962771617,1.3138731808649,67.3362561983422,60.6713817966643,0.42472124546659,0.00742822793496171,0.0213422325903184,0.00181549122836179,0.394135293712948,1.36561847644092,4.23246941999205,0.642065259778391,70.1591692197005,62.1144283600323,0.516115901801376,0.0530101338065355,0.168638748327786,0.0647535453418963,0.229713474325157,1.04340908021327,5.5186356960655,0.966580181588023
56033,Sheridan,WY,41.3,331.6,12218862,2014,86.7662232687771,75.8119048359516,1.78890446060208,0.0502164946425661,0.320184153521387,1.36575203812289,0.0527517743152357,0.890864480926278,6.87204919954386,1.40250029175327,65.6602291118897,59.9370363408387,0.404679041410267,0.00467228173585244,0.0283251649982395,0.0016274812154294,0.370054113460746,1.07808854641694,3.64414002323636,0.596285159987447,75.1260258138309,67.0606246023898,1.00930220462584,0.0251529475671536,0.15724002132987,0.589314809681767,0.237594426047045,0.990794248977174,5.10963857283656,0.955666185001561
56035,Sublette,WY,NA,331.6,12218862,2014,61.3208925920719,52.8384457674826,1.86577013695679,0.113802715297091,0.99941164516426,0.609317231028474,0.143238545466966,0.615271503759203,4.81101723362648,1.19038795024687,70.4866631810844,63.5688669822056,0.507995986320635,0.00719036674356761,0.0326578748132762,0.00130864156661109,0.46683910319718,1.29625163978421,4.52030110686704,0.593247465906918,65.6207231918044,57.9027268711364,1.20890002912739,0.0624718428450602,0.531685980492808,0.315642023331502,0.299100182458017,0.936186746452885,4.66902892920737,0.903880615880385
56037,Sweetwater,WY,45.4,331.6,12218862,2014,94.3764095433544,79.3250529679478,7.00665399917196,0.28606575669203,1.65880229348567,4.5707281250243,0.491057823969947,0.766258096937267,5.79637313731002,1.4820713419873,65.3435804100751,59.1246330984674,0.482915056959116,0.00626596261612508,0.0204905235244534,0.00123697466904212,0.454921596149495,1.36238272293695,3.76521240284555,0.608437128866079,78.0125209126731,67.9069876560899,3.31582252565501,0.131165633560543,0.742411490657975,1.9647404731281,0.477504928308395,1.08273121501485,4.701862245717,1.00511727019634
56039,Teton,WY,20.9,331.6,12218862,2014,39.4804842750678,31.5332260557622,0.82946079094673,0.0686056342671318,0.608042260056313,0.0907602251991244,0.0620526714241611,0.70121884661857,5.28729298566623,1.12928559607411,33.2917003843499,27.7363887597045,0.409150841760952,0.00431166273152304,0.0264686589804678,9.4176757179179e-4,0.37742875247717,0.976272727865964,3.72253594681335,0.447352108205083,36.0902602031899,29.406834133116,0.603844851070511,0.0340685684823563,0.292967031420388,0.0417656289653682,0.235043622202399,0.844330030893927,4.46943814069625,0.765813047413259
56041,Uinta,WY,34,331.6,12218862,2014,94.7425045468317,82.0340962823665,2.50646787411279,0.784189386823244,1.06594756268382,0.450897439291052,0.205433485314673,0.846806586862814,7.50008604929364,1.85504775419588,71.1373099742182,64.5286288613496,0.518477703478905,0.00865122031498831,0.0235243624217457,0.0019292007902017,0.48437291995197,1.64056969252419,3.61160174448332,0.838031972382156,81.5054687151594,72.1536567638728,1.39934176206713,0.353493308947291,0.483709895044201,0.19812861201226,0.364009946063375,1.26655084703887,5.3880832666302,1.29783607555034
56043,Washakie,WY,34.9,331.6,12218862,2014,72.4654187147486,61.3758767275879,1.66662156954347,0.0716827479377632,0.784466345182978,0.723029494391656,0.0874429820310745,0.880442958731371,6.97926399656461,1.56321346232127,48.510920602839,42.4096847354982,0.42837114852546,0.00553158033065846,0.02365299876377,0.00175554262965394,0.397431026801378,1.26090598422226,3.82483525573526,0.587123478857768,59.3551704414526,50.9620653027694,0.9905395125735,0.0359739429128319,0.369150965407047,0.326884763071059,0.258529841182563,1.0793096973837,5.28409381702775,1.03916211169823
56045,Weston,WY,65.1,331.6,12218862,2014,98.3432761187205,87.8627471472772,0.696858392901648,0.162075317392025,0.267329601584741,0.216012170928194,0.051441302996687,0.875042553394714,7.49380403895035,1.41482398619654,69.6201064846905,62.6692239617914,0.449225746555421,0.0044512876617288,0.0217413284733419,0.00186882431192425,0.421164306108426,2.05701252583715,3.91442813294658,0.530216117559913,81.6837959670267,73.1922652597289,0.555737831654111,0.0725315872110539,0.12490363804769,0.0915148657667582,0.26678774062861,1.5080167396384,5.49767889914896,0.930097236856244
